Edition,US,US,US,US,US,US,US,UK,US,UK,CA,AU,US,CA,UK,AU,CA,US,CA,UK,AU,INTL,US,UK,US
Cards Against Humanity: Main Deck,KICKSTARTER,v1.0,v1.1,v1.2,v1.3,v1.4,v1.5,v1.5,v1.6,v1.6,v1.6,v1.6,v1.7,v1.7,v1.7,v1.7,v1.7a,v2.0,v2.0,v2.0,v2.0,v2.0,v2.1,v2.1,v2.2
END_HEADER,,,,,,,,,,,,,,,,,,,,,,,,,
"""Tweeting.""",t,,,,,,,,,,,,,,,,,,,,,,,,
(I am doing Kegels right now.),t,t,t,,,,,,,,,,,,,,,,,,,,,,
"10,000 Syrian refugees.",,,,,,,,,,,,,,,,,,t,t,t,t,,t,t,t
100% Pure New Zealand.,,,,,,,,,,,,t,,,,t,,,,,t,,,,
2 Girls 1 Cup.,t,t,t,,,,,,,,,,,,,,,,,,,,,,
400 years of colonial atrocities.,,,,,,,,t,,t,,,,,t,,,,,t,,,,t,
50 mg of Zoloft daily.,,,,,,,,,,,,,,,,,,t,,,,,t,,t
"50,000 volts straight to the nipples.",,,,,t,t,t,t,t,t,t,t,t,t,t,t,t,t,t,t,t,t,t,t,t
72 virgins.,,,t,t,t,t,t,t,t,t,t,t,t,t,t,t,t,t,t,t,t,t,t,t,t
8 oz. of sweet Mexican black-tar heroin.,t,t,t,t,t,t,t,t,t,t,t,,t,t,t,,t,t,t,t,,,t,t,t
A bag of magic beans.,t,t,t,t,t,t,t,t,t,t,t,t,t,t,t,t,t,t,t,t,t,t,t,t,t
A balanced breakfast.,t,t,t,t,t,t,t,t,t,t,t,t,t,t,t,t,t,t,t,t,t,,t,t,t
"A ball of earwax, semen, and toenail clippings.",,,,,,,,,t,t,t,t,t,t,t,t,t,t,t,t,t,t,t,t,t
A big black dick.,,,,,,,,,,,,,,,,,,,,,,t,,,
A big hoopla about nothing.,t,t,t,t,t,,,,,,,,,,,,,,,,,,,,
A bird that shits human turds.,,,,,,,,,,,,,,,,,,t,t,t,t,t,t,t,t
A bit of slap and tickle.,,,,,,,,t,,t,,,,,t,,,,,t,,,,t,
A bitch slap.,,,,,t,t,t,t,t,t,t,t,t,t,t,t,t,t,t,t,t,t,t,t,t
A bleached arsehole.,,,,,,,,t,,t,,t,,,t,t,,,,t,t,,,t,
A bleached asshole.,t,t,t,t,t,t,t,,t,,t,,t,t,,,t,t,t,,,t,t,,t
A Bop It™.,,,,t,t,t,t,,t,,t,,t,t,,,t,t,t,,,,t,,t
A bowl of mayonnaise and human teeth.,,,,,,,,,,,,,,,,,,t,t,t,t,t,t,t,t
A brain tumor.,t,t,t,t,t,t,t,,t,,t,,t,,,,,t,,,,t,t,,t
A brain tumour.,,,,,,,,t,,t,,t,,t,t,t,t,,t,t,t,,,t,
A bucket of fish heads.,,,,,t,t,t,t,t,t,t,t,,,,,,,,,,,,,
A can of whoop-ass.,t,t,t,t,t,t,t,,t,,t,t,,,,,,,,,,,,,
A caress of the inner thigh.,,,,,t,,,,,,,,,,,,,,,,,,,,
"A cartoon camel enjoying the smooth, refreshing taste of a cigarette.",t,t,t,,,,,,,,,,,,,,,,,,,,,,
A cat video so cute that your eyes roll back and your spine slides out of your anus.,,,,,,,,,,,,,,,,,,,,,,t,,,
A Chelsea smile. ,,,,,,,,t,,t,,,,,t,,,,,t,,,,,
A Chinese tourist who wants something very badly but cannot communicate it.,,,,,,,,,,,,,,,,,,,,,,t,,,
A clandestine butt scratch.,t,t,t,t,,,,,,,,,,,,,,,,,,,,,
A comprehensive understanding of the Irish backstop.,,,,,,,,,,,,,,,,,,,,,,,,t,
A cooler full of organs.,t,t,t,t,t,t,t,t,t,t,t,t,t,t,t,t,t,,,,,,,,
A cop who is also a dog.,,,,,,,,,,,,,,,,,,,,,,t,,,
A crucifixion.,,,,,,,,,,,,,,,,,,t,t,t,t,t,t,t,t
"A cute, fuzzy koala, but it has chlamydia.",,,,,,,,,,,,t,,,,t,,,,,t,,,,
A death ray.,,,t,t,t,t,t,t,,,,,,,,,,,,,,,,,
A decent fucking Internet connection.,,,,,,,,,,,,t,,,,t,,,,,t,,,,
A deep-rooted fear of the working class.,,,,,,,,,,,,,,,,,,,,,,,,t,
A defective condom.,,,t,t,t,t,t,t,t,t,t,t,t,t,t,t,t,,,,,t,,,
A despondent Maple Leafs fan sitting all alone.,,,,,,,,,,,,,,t,,,t,,t,,,,,,
A didgeridildo.,,,,,,,,,,,,t,,,,t,,,,,t,,,,
A disappointing birthday party.,t,t,t,t,t,t,t,t,t,t,t,t,t,t,t,t,t,t,t,t,t,t,t,t,t
A drive-by shooting.,,,t,t,,,,,,,,,,,,,,,,,,,,,
A fair go.,,,,,,,,,,,,t,,,,t,,,,,t,,,,
A falcon with a cap on its head.,t,t,t,t,t,t,t,t,t,t,t,t,t,t,t,t,t,t,t,t,t,t,t,t,t
A fanny fart.,,,,,,,,t,,t,,,,,t,,,,,t,,,,t,
A fart so powerful that it wakes the giants from their thousand-year slumber.,,,,,,,,,,,,,,,,,,t,t,t,t,t,t,t,t
A fat bald man from the internet.,,,,,,,,,,,,,,,,,,,,,,t,,,
A fetus.,t,t,t,t,t,t,t,,t,,t,,t,t,,,t,t,t,,,t,t,,t
A five-litre goon bag.,,,,,,,,,,,,t,,,,t,,,,,t,,,,
A Fleshlight.,,,,,,,,,t,t,t,t,t,t,t,t,t,t,t,,t,,t,,t
A Fleshlight®.,,,,,,,,,,,,,,,,,,,,t,,,,t,
A foetus.,,,,,,,,t,,t,,t,,,t,t,,,,t,t,,,t,
A foul mouth.,,,t,t,t,t,,t,,t,,,,,t,,,,,t,,,,,
A fuck-ton of almonds.,,,,,,,,,,,,,,,,,,t,,,,,t,,t
A fuck-tonne of almonds.,,,,,,,,,,,,,,,,,,,t,t,t,,,t,
A gassy antelope.,t,t,t,t,t,t,t,t,t,t,t,t,t,t,t,t,t,,,,,,,,
A general lack of purpose.,,,,,,,,,,,,,,,,,,,,,,,,t,
A gentle caress of the inner thigh.,,,t,t,,t,t,t,t,t,t,t,t,t,t,t,t,,,,,,,,
A ginger's freckled ballsack.,,,,,,,,t,,t,,,,,t,,,,,,,,,,
A Ginsters pasty and three cans of Monsters Energy.,,,,,,,,,,,,,,,,,,,,,,,,t,
A good sniff.,t,t,t,t,t,t,t,t,t,t,t,t,t,t,t,t,t,t,t,t,t,t,t,t,t
"A good, strong gorilla.",,,,,,,,,,,,,,,,,,t,t,t,t,t,t,t,t
A gossamer stream of jizz that catches the light as it arcs through the morning air.,,,,,,,,,,,,,,,,,,t,t,t,t,,t,t,t
A grande sugar-free iced soy caramel macchiato.,t,t,t,,,,,,,,,,,,,,,,,,,,,,
A Gypsy curse.,,,t,t,,,,t,,,,,,,,,,,,,,,,,
A hairless little shitstain named Callou.,,,,,,,,,,,,,,,,,,,t,,,,,,
A Halal Snack Pack.,,,,,,,,,,,,,,,,,,,,,t,,,,
A hen night in Slough.,,,,,,,,,,,,,,,,,,,,t,,,,t,
A homoerotic volleyball montage.,,,t,t,t,t,t,t,t,t,t,t,t,t,t,t,t,t,t,t,t,t,t,t,t
A horde of Vikings.,,,,,,,,,,,,,,,,,,t,t,t,t,t,t,t,t
A hot mess.,t,t,t,t,t,t,t,t,,,,,,,,,,,,,,,,,
A Japanese toaster you can fuck.,,,,,,,,,,,,,,,,,,,,,,t,,,
A Japanese whaling operation.,,,,,,,,,,,,t,,,,,,,,,,,,,
A LAN party.,t,t,t,,,,,,,,,,,,,,,,,,,,,,
A lifetime of sadness.,t,t,t,t,t,t,t,t,t,t,t,t,t,t,t,t,t,t,t,t,t,t,t,t,t
A literal tornado of fire.,,,,,,,,,,,,t,,,,t,,,,,t,,,,
A little boy who won't shut the fuck up about dinosaurs.,,,,,,,,,,,,,,,,,,t,t,t,t,t,t,t,t
A live studio audience.,,,,,t,t,t,t,t,t,t,t,t,t,t,t,t,t,t,t,t,,t,t,t
A look-see.,t,t,t,t,t,,,,,,,,,,,,,,,,,,,,
A low standard of living.,,,,,,,,,,,,,,,,,,,,,,t,,,
A mad cow.,,,,,,,,t,,t,,,,,t,,,,,,,,,,
A madman who lives in a police box and kidnaps women.,,,,,,,,t,,t,,,,,t,,,,,,,,,,
A man in yoga pants with a ponytail and feather earrings.,,,,,,,,,,,,,,,,,,,,,,t,,,
A man on the brink of orgasm.,,,,,,,,,t,t,t,t,t,t,t,t,t,t,t,t,t,t,t,t,t
A mating display.,t,t,t,t,t,t,t,t,t,t,t,t,t,t,t,t,t,t,t,t,t,,,,
A meat raffle!,,,,,,,,,,,,,,,,,,,,,,,,t,
A Mexican.,,,,,,,,,,,,,,,,,,t,t,,,,t,,t
A micropenis.,t,t,t,t,t,t,t,t,t,t,t,t,t,t,t,t,t,t,t,t,t,t,t,t,t
A micropig wearing a tiny raincoat and booties.,,,,,t,t,t,t,t,t,t,t,t,t,t,t,t,t,t,t,t,t,t,t,t
A middle-aged man on roller skates.,t,t,t,t,t,t,t,t,t,t,t,t,t,t,t,t,t,t,t,t,t,t,t,t,t
A mime having a stroke.,t,t,t,t,t,t,t,t,t,t,t,t,t,t,t,t,t,,,,,t,,,
A moment of silence.,,,t,t,,,,,,,,,,,,,,,,,,,,,
A monkey smoking a cigar.,t,t,t,t,t,t,t,t,t,t,t,t,t,t,t,t,t,,,,,t,,,
A mopey zoo lion.,,,,t,t,t,t,t,t,t,t,t,t,t,t,t,t,t,t,t,t,,t,t,t
A much younger woman.,,,,,,,,,,,,,t,t,t,t,t,t,t,t,t,t,t,t,t
A murder most foul.,t,t,t,t,t,t,t,t,t,t,t,t,t,,t,t,t,,,,,,,,
A neglected Tamagotchi™.,t,t,t,,,,,,,,,,,,,,,,,,,,,,
A nice cup of tea.,,,,,,,,t,,t,,,,,t,,,,,t,,,,t,
A pangender octopus who roams the cosmos in search of love.,,,,,,,,,,,,,t,t,t,t,t,t,t,t,t,,t,t,t
A piñata full of scorpions.,,,,,,,,,,,,,,,,,,,,,,t,,,
A posh wank.,,,,,,,,t,,t,,,,,t,,,,,t,,,,t,
A PowerPoint presentation.,,,,,,,,,,,,,,,,,,,,,,t,,,
A pyramid of severed heads.,,,t,,t,t,t,t,t,t,t,t,t,t,t,t,t,t,t,t,t,t,t,t,t
A really cool hat.,t,t,t,t,t,t,t,t,t,t,t,t,t,t,t,t,t,t,t,t,t,t,t,t,t
A robust mongoloid.,t,t,t,t,t,t,t,t,t,t,t,t,t,t,t,t,t,,,,,,,,
A sad fat dragon with no friends.,,,,,,,,,,,,,,,,,,,,,,t,,,
A sad handjob.,t,t,t,t,t,t,t,t,t,t,t,t,t,t,t,t,t,t,t,t,t,t,t,t,t
A salad for men that's made of metal.,,,,,,,,,,,,,,,,,,t,,t,t,,t,t,t
A salty surprise.,t,t,t,t,t,t,t,t,t,t,t,t,t,t,t,t,t,t,t,t,t,t,t,t,t
A sassy black woman.,t,t,t,t,t,t,t,t,t,t,t,,t,t,t,,t,t,t,t,,,,,
A sausage festival.,,,t,t,t,t,,,,,,,,,,,,,,,,,,,
A saxophone solo.,,,,,,,,t,t,t,t,t,t,t,t,t,t,t,t,t,t,t,t,t,t
A sea of troubles.,t,t,t,t,t,t,t,t,t,t,t,t,t,t,t,t,t,t,t,t,t,t,t,t,t
A shark!,,,,,,,,,,,,,,,,,,,,,t,,,,
A sick burnout.,,,,,,,,,,,,t,,,,t,,,,,t,,,,
A sick wombat.,,,,,,,,,,,,,,,,,,,,,t,,,,
A sickly child-king.,,,,,,,,,,,,,t,t,,t,t,,,,,,,,
A six-point plan to stop the boats.,,,,,,,,,,,,t,,,,t,,,,,t,,,,
A slab of VB and a pack of durries.,,,,,,,,,,,,t,,,,t,,,,,t,,,,
A slightly salty toad in the hole.,,,,,,,,,,,,,,,,,,,,,,,,t,
A slightly shittier parallel universe.,,,,,,,,,,,,,,,,,,,,,,t,,,
A snapping turtle biting the tip of your penis.,t,t,t,t,t,t,t,t,t,t,t,t,t,t,t,t,t,t,t,t,t,t,t,t,t
A sober Irishman who doesn't care for potatoes.,,,,,,,,t,,t,,,,,t,,,,,t,,,,t,
A soggy Sao.,,,,,,,,,,,,t,,,,t,,,,,,,,,
A spastic nerd.,,,,,t,,t,,,,,,,,,,,,,,,,,,
A stingray barb through the chest.,,,,,,,,,,,,t,,,,t,,,,,t,,,,
A stray pube.,t,t,t,t,t,t,t,t,t,t,t,t,t,t,t,t,t,t,t,t,t,t,t,t,t
A subscription to Men's Fitness.,,,,,t,t,t,t,t,t,t,t,t,t,t,t,t,,,,,,,,
A Super Soaker™ full of cat pee.,t,t,t,t,t,t,t,t,t,t,t,t,t,t,t,t,t,t,t,t,t,,t,t,t
A surprising amount of hair.,,,,,,,,,,,,,,,,,,,,,,t,,,
A sweet spaceship.,,,,,,,,,,,,,,,,,,,,,,t,,,
A thermonuclear detonation.,t,t,t,t,t,t,t,t,t,t,t,t,t,t,t,t,t,,,,,t,,,
A thousand Scottish warriors lifting their kilts in unison.,,,,,,,,t,,t,,,,,t,,,,,,,,,,
A three-way with my wife and Shaquille O'Neal.,,,,,,,,,,,,,,,,,,t,t,,t,,t,,t
A Tim Hortons franchise.,,,,,,,,,,,t,,,,,,,,,,,,,,
A time travel paradox.,,,t,t,t,t,t,t,t,t,t,t,t,t,t,t,t,t,t,t,t,t,t,t,t
A tiny horse.,t,t,t,t,t,t,t,t,t,t,t,t,t,t,t,t,t,t,t,t,t,t,t,t,t
"A tiny, gay guitar called a ukulele.",,,,,,,,,,,,,,,,,,t,t,t,t,t,,,
A tribe of warrior women.,,,,,t,t,t,t,t,t,t,t,t,t,t,t,t,,,,,,,,
A vagina that leads to another dimension.,,,,,,,,,,,,,,,,,,,,,,t,,,
A vajazzled vagina.,t,t,t,,,,,,,,,,,,,,,,,,,,,,
A vastly superior healthcare system.,,,,,,,,,,,,,,,,,,,t,,,,,,
A vindaloo poo.,,,,,,,,t,,t,,,,,t,,,,,t,,,,t,
A web of lies.,,,,,,,,,,,,,,,,,,,,,,t,,,
A wheelchair death race.,t,t,t,,,,,,,,,,,,,,,,,,,,,,
A white ethnostate.,,,,,,,,,,,,,,,,,,,,,,,t,t,
A white van man.,,,,,,,,t,,t,,,,,t,,,,,t,,,,t,
A whole thing of butter.,,,,,,,,,,,,,,,,,,t,t,,t,,t,,t
A windmill full of corpses.,t,t,t,t,t,t,t,t,t,t,t,t,t,t,t,t,t,t,t,t,t,t,t,t,t
A wisecracking terrorist.,t,t,t,,,,,,,,,,,,,,,,,,,,,,
A zesty breakfast burrito.,t,t,t,t,t,t,t,,t,,t,,t,t,,,t,,,,,,,,
Aaron Burr.,t,t,t,t,t,t,t,,t,,,,t,,,,,t,,,,,t,,t
Abstinence.,t,t,,,,,,,,,,,,,,,,,,,,,,,
Academy Award winner Meryl Streep.,,,,,,,,,,,,,,,,,,t,t,t,t,,t,t,t
Accepting the way things are.,,,,,,,,,,,,,,,,,,t,t,t,t,t,t,t,t
Accidentally slipping yourself a roofie.,t,t,t,,,,,,,,,,,,,,,,,,,,,,
Active listening.,t,t,t,t,t,t,t,,t,,t,t,t,t,,t,t,t,t,,,,t,,t
"Actually getting shot, for real.",,,,,,,,,,,,,,,,,,,,,,t,,,
Actually taking candy from a baby.,,,t,t,t,t,t,t,,,,,,,,,,,,,,,,,
Adderall™.,t,t,t,t,t,t,t,,t,,,,t,,,,,t,,,,,t,,t
Adult Friendfinder.,t,t,t,,,,,,,,,,,,,,,,,,,,,,
"Advice from a wise, old black man.",,,,,,t,t,,t,,t,,t,t,,,t,,,,,,,,
African children.,t,t,t,t,t,t,t,t,t,t,t,t,t,t,t,t,t,t,t,t,t,t,t,t,
Agriculture.,t,t,t,t,t,t,t,t,t,t,t,t,t,t,t,t,t,t,t,t,t,t,t,t,t
AIDS.,t,t,t,t,t,t,t,t,t,t,t,t,t,t,t,t,t,t,t,t,t,t,t,t,t
Ainsley Harriott.,,,,,,,,,,,,,,,,,,,,,,,,t,
Alcohol poisoning.,,,,,,,,,,,,t,,,,t,,,,,t,,,,
Alcoholism.,t,t,t,t,t,t,t,t,t,t,t,t,t,t,t,t,t,t,t,t,t,t,t,t,t
Alexandria Ocasio-Cortez.,,,,,,,,,,,,,,,,,,,,,,,t,,t
All four prongs of an echidna's penis.,,,,,,,,,,,,t,,,,t,,,,,t,,,,
All my friends dying.,,,,,,,,,,,,,,,,,,,,,,t,,,
All my gentleman suitors.,,,,,,,,,,,,,,,,,,,,,,,,t,
All of this blood.,,,,,,,,,,,,,,,,,,,,,,t,,,
All the dudes I've fucked.,,,,,,,,,,,,,,,,,,t,t,t,t,t,t,t,t
All-you-can-eat shrimp for $4.99.,t,t,t,t,t,t,t,,t,,t,,,,,,,,,,,,,,
All-you-can-eat shrimp for $8.99.,,,,,,,,,,,,,t,t,,,t,t,t,,,,t,,t
Altar boys.,t,t,t,t,t,t,t,t,t,t,t,t,t,t,t,t,t,,,,,,,,
America.,t,t,t,,,,,,,,,,,,,,,,,,,,,,
American Gladiators.,t,t,t,t,,,,,,,,,,,,,,,,,,,,,
Americanization.,,,,,,,,,,,,t,,,,t,,,,,t,t,,,
Amputees.,t,t,t,t,t,t,t,t,t,t,t,t,t,t,t,t,t,,,t,,t,,,
An AK-47 assault rifle.,,,,,,,,t,,t,,,,,t,,,,,t,,,,t,
An AK-47.,,,,,,,,,,,,,,,,,,,,,,t,,,
An AR-15 assault rifle.,,,,,,,,,,,,,t,,,,,t,,,,,t,,t
An argument with Richard Dawkins.,,,,,,,,t,,t,,,,,,,,,,,,,,,
An army of skeletons.,,,,,,,,,,,,,,,,,,,,,,t,,,
An ass disaster.,,,,,,,,,,,,,,,,,,,,,,t,,,
An asymmetric boob job.,t,t,t,t,t,t,t,t,t,t,t,t,t,t,t,t,t,,,,,,,,
An endless stream of diarrhea.,,,,,,,,,t,,t,,t,t,,,t,t,t,,,t,t,,t
An endless stream of diarrhoea.,,,,,,,,,,t,,t,,,t,t,,,,t,t,,,t,
An entrenched class system.,,,,,,,,t,,t,,,,,t,,,,,t,,,,,
An erection that lasts longer than four hours.,t,t,t,t,t,t,t,t,t,t,t,t,t,t,t,t,t,t,t,t,t,t,t,t,t
An Evening with Michael Buble.,,,,,,,,,,,,,,,,,,,t,,,,,,
An evil man in evil clothes.,,,,,,,,,,,,,,,,,,,,,,t,,,
An honest cop with nothing left to lose.,,,t,t,t,,,,,,,,,,,,,,,,,,,,
An icepick lobotomy.,t,t,t,t,t,t,t,t,t,t,t,t,t,t,t,t,t,,,,,,,,
An icy handjob from an Edmonton hooker.,,,,,,,,,,,t,,,t,,,t,,t,,,,,,
An M. Night Shyamalan plot twist.,t,t,t,t,t,t,t,t,t,t,t,t,t,t,t,t,t,t,t,t,t,,t,t,t
An M16 assault rifle.,,,,,t,t,t,,t,,t,t,,t,,t,t,,t,,t,,,,
An octopus giving seven handjobs and smoking a cigarette.,,,,,,,,,,,,,,,,,,t,t,t,t,t,t,t,t
An Oedipus complex.,t,t,t,t,t,t,t,t,t,t,t,t,t,t,t,t,t,t,t,t,t,t,t,t,t
An old guy who's almost dead.,,,,,,,,,,,,,,,,,,t,t,t,t,t,t,t,t
An older woman who knows her way around the penis.,,,,,,,,,,,,,,,,,,t,t,t,t,t,t,t,t
An oversized lollipop.,,,,,,t,t,t,t,t,t,t,t,t,t,t,t,t,t,t,t,t,t,t,t
An ugly face.,,,,,,t,t,t,t,t,t,t,t,t,t,t,t,,,,,,,,
An unstoppable wave of fire ants.,,,,,,,,,,,,,,,,,,,,,,t,,,
An unwanted pregnancy.,,,,,,,,,,,,,,,,,,t,t,t,t,t,t,t,t
An uppercut.,,,,,t,t,t,t,,,,,,,,,,,,,,,,,
Anal beads.,t,t,t,t,t,t,t,t,t,t,t,t,t,t,t,t,t,t,t,t,t,,t,t,t
Announcing that I am about to cum.,,,,,,,,,,,,,,,,,,t,t,t,t,t,t,t,t
Another goddamn vampire movie.,t,t,t,t,t,t,t,t,,,,,,,,,,,,,,,,,
Another shot of morphine.,,,,,,,,,,,,,,,,,,,,,,t,,,
Anything that comes out of Prince Philip's mouth.,,,,,,,,t,,t,,,,,t,,,,,t,,,,,
Apologizing.,,,,,,,,,,,,,,t,,,t,,t,,,,,,
Arnold Schwarzenegger.,t,t,t,t,t,t,t,t,t,t,t,t,t,t,t,t,t,t,t,t,t,t,t,t,t
Asians who aren't good at math.,t,t,t,t,t,t,t,,t,,t,t,t,t,,t,t,,,,,,,,
Assless chaps.,t,t,t,t,t,t,t,,t,,t,t,t,t,,t,t,t,t,,t,,t,,t
Attitude.,t,t,t,t,t,t,t,t,,,,,,,,,,,,,,,,,
Auschwitz.,t,t,t,t,t,t,t,t,t,t,t,t,t,t,t,t,t,t,t,t,t,,t,t,t
Australia.,,,,,,,,,,,,t,,,,t,,,,,t,,,,
Authentic Mexican cuisine.,,,t,t,t,t,t,,t,,t,,t,t,,,t,t,t,,,,t,,t
Autocannibalism.,t,t,t,t,t,t,t,t,t,t,t,t,t,t,t,t,t,t,t,t,t,t,t,t,t
AXE Body Spray.,t,t,t,t,t,t,t,,t,,t,,t,t,,,t,t,t,,,t,t,,t
Badger culling.,,,,,,,,t,,t,,,,,t,,,,,,,,,,
Ball-by-ball commentary from Richie Benaud.,,,,,,,,,,,,t,,,,t,,,,,,,,,
Balls.,t,t,t,t,t,t,t,t,t,t,t,t,t,t,t,t,t,t,t,t,t,t,t,t,t
Bananas in Pajamas.,t,t,t,,,,,,,,,,,,,,,,,,,,,,
Bananas.,,,,,,,,,,,,,,,,,,t,t,t,t,t,t,t,t
Barack Obama.,t,t,t,t,t,t,t,t,t,t,t,t,t,t,t,t,t,t,t,t,t,t,t,t,t
"Barely making $25,000 a year.",,,,,,,,,,,,,,,,,,,,,,,t,,t
"Barely making £15,000 a year.",,,,,,,,,,,,,,,,,,,,,,,,t,
Basic human decency.,,,,,,,,,,,,,,,,,,,,,,t,,,
BATMAN!,,,,,,,,,,,,,,,,,,t,t,t,t,t,t,t,t
BATMAN!!!,t,t,t,t,t,t,t,t,t,t,t,t,t,t,t,t,t,,,,,,,,
Battlefield amputations.,,,,,t,t,t,t,t,t,t,t,t,t,t,t,t,t,t,t,t,,t,t,t
Becoming a blueberry.,,,,,,t,t,t,t,t,t,t,t,t,t,t,t,t,t,t,t,t,t,t,t
Bees?,t,t,t,t,t,t,t,t,t,t,t,t,t,t,t,t,t,t,t,t,t,t,t,t,t
Being a busy adult with many important things to do.,,,,,,,,,,,,,,,,,,,,,,t,,,
Being a dick to children.,t,t,t,t,t,t,t,t,t,t,t,t,t,t,t,t,t,t,t,t,t,t,t,t,t
Being a dinosaur.,,,,,,,,,,,,,,,,,,,,,,t,,,
Being a hideous beast that no one could love.,,,,,,,,,,,,,,,,,,,,,,t,,,
Being a motherfucking sorcerer.,t,t,t,t,t,t,t,t,t,t,t,t,t,t,t,t,t,t,t,t,t,t,t,t,t
Being a witch.,,,,,,,,,,,,,,,,,,,,,,,,t,
Being a woman.,,,,,,,,,,,,,,,,,,t,t,t,t,t,t,t,t
Being able to talk to elephants.,,,,,,,,,,,,,,,,,,t,t,t,t,t,t,t,t
Being awesome at sex.,,,,,,,,,,,,,,,,,,,,,,t,,,
Being black.,,,,,,,,,,,,,,,,,,,,,,t,,,
Being Canadian.,,,,,,,,,,,t,,,,,,,,,,,,,,
Being fabulous.,t,t,t,t,t,t,t,t,t,t,t,t,t,t,t,t,t,,,,,t,,,
Being fat and stupid.,,,,,,t,t,t,t,t,t,t,t,t,t,t,t,t,t,t,t,t,t,,t
Being fucking stupid.,,,,,,,,,,,,,,,,,,,,,,,,t,
Being hunted like a fox.,,,,,,,,,,t,,,,,t,,,,,,,,,,
Being marginalised.,,,,,,,,t,,t,,t,,,t,t,,,,t,t,,,t,
Being marginalized.,t,t,t,t,t,t,t,,t,,t,,t,t,,,t,t,t,,,,t,,t
Being on fire.,t,t,t,t,t,t,t,t,t,t,t,t,t,t,t,t,t,t,t,t,t,t,t,t,t
Being rich.,t,t,t,t,t,t,t,t,t,t,t,t,t,t,t,t,t,t,t,t,t,t,t,t,t
Being white.,,,,,,,,,,,,,,,,,,,,,,t,,,
Benedict Cumberbatch.,,,,,,,,,,,,,,,,,,,,t,,,,,
Bestiality.,t,t,t,,,,,,,,,,,,,,,,,,,,,,
Bill Nye the Science Guy.,t,t,t,t,t,t,t,,t,,t,,t,t,,,t,t,t,,,,t,,t
Bingeing and purging.,t,t,t,t,t,t,t,,t,,t,t,t,t,,t,t,t,t,,,,t,,
Bio-engineered assault turtles with acid breath.,,,,,,,,,t,t,t,t,t,t,t,t,t,,,,,,,,
Bisexuality.,,,,,,,,,,,,,,,,,,t,t,t,t,t,,,
Bitches.,t,t,t,t,t,t,t,t,t,t,t,t,t,t,t,t,t,t,t,t,t,t,t,t,t
Black people.,t,t,t,t,t,t,t,t,t,t,t,,t,t,t,,t,t,t,t,,,t,t,t
Bling.,,,t,t,t,t,,,,,,,,,,,,,,,,,,,
Blood farts.,,,,,,,,,,,,,,,,,,,,,,t,,,
"Blood, sweat, and tears.",,,,,,,,,,,,,,,,,,,,,,,,t,
"Blood, toil, tears, and sweat.",,,,,,,,t,,t,,,,,t,,,,,t,,,,,
Blowing my boyfriend so hard he shits.,,,,,,,,,,,,,,,,,,t,t,t,t,t,t,t,t
Blowing up Parliament.,,,,,,,,t,,t,,,,,t,,,,,t,,,,t,
"Boat people; half boat, half human.",,,,,,,,,,,,t,,,,t,,,,,,,,,
Bogies.,,,,,,,,t,,t,,,,,t,,,,,t,,,,t,
"Bond, James Bond.",t,t,t,,,,,,,,,,,,,,,,,,,,,,
Bono.,t,t,t,,,,,,,,,,,,,,,,,,,,,,
Booby-trapping the house to foil burglars.,t,t,t,t,,,,,,,,,,,,,,,,,,,,,
Boogers.,,,t,t,t,t,t,,t,,t,t,t,t,,t,t,t,t,,t,,t,,t
Boris Johnson.,,,,,,,,,,,,,,,,,,,,,,,,t,
Bosnian chicken farmers.,,,,,,,,,,,,,,,,,,,,,,t,,,
Braiding three penises into a Curly Wurly.,,,,,,,,,,,,,,,,,,,,t,,,,t,
Braiding three penises into a licorice twist.,,,,,,,,,,,,,,,,,,,,,t,,,,
Braiding three penises into a Twizzler.,,,,,,,,,,,,,,,,,,t,t,,,,t,,t
Breaking out into song and dance.,,,t,t,t,t,t,t,t,t,t,t,t,t,t,t,t,t,t,t,t,t,t,t,t
Brexit.,,,,,,,,,,,,,,,,,,,,t,,,,t,
Britney Spears at 55.,t,t,t,t,t,t,t,t,,,,,,,,,,,,,,,,,
Brown people.,,,,,t,t,t,t,t,t,t,t,t,t,t,t,t,t,t,t,t,,t,t,t
Brutal austerity.,,,,,,,,,,,,,,,,,,,,,,,,t,
Bubble butt bottom boys.,,,,,,,,,,,,,,,,,,t,t,t,t,,t,t,t
Buckfast Tonic Wine.,,,,,,,,t,,t,,,,,t,,,,,,,,,,
Bullshit.,,,,,,,,,,,,,,,,,,,,,,t,,,
Burning down the White House.,,,,,,,,,,,t,,,t,,,t,,t,,,,,,
Buying the right pants to be cool.,,,,,,,,,,,,,,,,,,,,,,t,,,
Canada: America's Hat.,,,,,,,,,,,t,,,,,,,,,,,,,,
Canadian Netflix.,,,,,,,,,,,,,,,,,,,t,,,,,,
Canned tuna with extra dolphin.,t,t,t,,,,,,,,,,,,,,,,,,,,,,
Capturing Newt Gingrich and forcing him to dance in a monkey suit.,,,,,t,t,t,,,,,,,,,,,,,,,,,,
Cardi B.,,,,,,,,,,,,,,,,,,,,,,,t,,t
Cards Against Humanity.,t,t,t,t,t,t,t,t,t,t,t,t,t,t,t,t,t,t,t,t,t,t,t,t,t
Cashed-up bogans.,,,,,,,,,,,,t,,,,t,,,,,t,,,,
Casually suggesting a threesome.,,,,,,,,,,,,,,,,,,t,t,t,t,t,t,t,t
Catapults.,t,t,t,t,t,t,t,t,t,t,t,t,t,t,t,t,t,t,t,t,t,t,t,t,t
Centaurs.,t,t,t,t,t,t,t,t,t,t,t,t,t,t,t,t,t,t,t,t,t,t,,,
Chainsaws for hands.,t,t,t,t,t,t,t,t,t,t,t,t,t,t,t,t,t,t,t,t,t,t,t,t,t
Charisma.,,,t,t,,,,,,,,,,,,,,,,,,,,,
Cheating in the Paralympics.,,,,,,,,t,,t,,,,,,,,,,,,,,,
Cheating in the Special Olympics.,t,t,t,t,t,t,t,,t,,t,t,,,,,,,,,,,,,
Cheeky bum sex.,,,,,,,,t,,t,,,,,t,,,,,t,,,,t,
Chemical weapons.,,,,,,,,,,,,,,,,,,t,t,t,t,t,t,t,t
Child abuse.,t,t,t,t,t,t,t,t,t,t,t,t,t,t,t,t,t,t,t,t,t,t,t,t,
Child beauty pageants.,t,t,t,t,t,t,t,t,t,t,t,t,t,t,t,t,t,t,t,t,t,,t,t,t
Children on leashes.,t,t,t,t,t,t,t,t,t,t,t,t,t,t,t,t,t,,,,,t,,,
Chivalry.,t,t,,t,,,,t,,t,,,,,t,,,,,t,,,,,
Christopher Walken.,t,t,t,t,t,t,t,t,t,t,t,t,t,t,t,t,t,,,,,,,,
Chundering into a kangaroo's pouch.,,,,,,,,,,,,,,,,,,,,,t,,,,
Chunks of dead backpacker.,,,,,,,,,,,,t,,,,t,,,,,t,t,,,
Chunks of dead hitchhiker.,,,,,,,,,t,t,t,,t,t,t,,t,t,t,t,,,t,t,t
Chunks of dead prostitute.,,,,,t,t,t,t,,,,,,,,,,,,,,,,,
Chutzpah.,,,t,t,t,,,,,,,,,,,,,,,,,,,,
Civilian casualties.,t,t,t,t,t,t,t,t,t,t,t,t,t,t,t,t,t,,,,,,,,
Classist undertones.,t,t,t,t,t,t,t,t,t,t,t,t,t,t,t,t,t,,,,,,,,
"Clive Palmer's soft, shitty body.",,,,,,,,,,,,t,,,,t,,,,,,,,,
Clubbing baby seals.,,,,,,,,,,,,,,,,,,,t,,,,,,
Coat hanger abortions.,t,t,t,t,t,t,t,t,t,t,t,t,t,t,t,t,t,t,t,t,t,,t,t,t
Cock.,,,,,,,,,,,,,,,,,,,,,,t,,,
Cockfights.,t,t,t,t,,,,,,,,,,,,,,,,,,,,,
College.,t,t,t,t,,,,,,,,,,,,,,,,,,,,,
Committing suicide.,,,,,,,,,,,,,,,,,,t,t,t,t,,t,t,t
Completely unwarranted confidence.,,,,,,,,,,,,,t,t,t,t,t,t,t,t,t,,t,t,t
Concealing a boner.,t,t,t,t,t,t,t,,t,,t,t,t,t,,t,t,t,t,,t,t,,,
Concealing an erection.,,,,,,,,t,,t,,,,,t,,,,,t,,,,,
Consensual sex.,,,,,,t,t,t,t,t,t,t,t,t,t,t,t,t,t,t,t,t,t,t,t
Consultants.,,,t,t,,,,,,,,,,,,,,,,,,,,,
Contagious face cancer.,,,,,,,,,,,,t,,,,t,,,,,t,,,,
Converting to Islam.,,,,,,,,,,,,,,,,,,,,,,t,,,
Cookie Monster devouring the Eucharist wafers.,,,t,,,,,,,,,,,,,,,,,,,,,,
Copping a feel.,t,t,t,t,t,t,t,t,t,t,,t,,,,,,,,,,,,,
Cottaging.,,,,,,,,t,,t,,,,,t,,,,,t,,,,t,
Count Chocula.,t,t,t,t,t,t,t,,t,,t,,t,t,,,t,t,t,,,,t,,t
Court-ordered rehab.,,,,,,,,,t,t,t,t,t,t,t,t,t,,,,,,,,
Covering myself with Parmesan cheese and chili flakes because I am pizza.,,,,,,,,,,,,,,,,,,t,t,t,t,t,t,,t
Crazy hot cousin sex.,,,,,,,,,,,,,,,,,,,,,t,,,,
Creed.,t,t,t,,,,,,,,,,,,,,,,,,,,,,
Crippling debt.,,,t,t,t,t,t,t,t,t,t,t,t,t,t,t,t,t,t,t,t,,t,t,t
Crucifixion.,,,,,,t,t,t,t,t,t,t,t,t,t,t,t,,,,,,,,
Crumbs all over the bloody carpet.,,,,,,,,,,t,,t,,,t,t,,,,t,t,,,t,
Crumbs all over the god damn carpet.,,,,,,,,,t,,t,,t,t,,,t,t,t,,,,t,,t
Crumpets with the Queen.,t,t,t,,,,,,,,,,,,,,,,,,,,,,
Crystal meth.,,,t,t,t,t,t,t,t,t,t,,t,t,t,,t,,,,,,,,
Cuddling.,t,t,t,t,t,t,t,t,t,t,t,t,t,t,t,t,t,t,t,t,t,t,t,t,t
Cumming deep inside my best bro.,,,,,,,,,,,,,,,,,,,,,,t,,,
Cunnilingus.,,,,,,,,,,,,,,,,,,,,,,,,t,
Customer service representatives.,,,t,t,,,,,,,,,,,,,,,,,,,,,
Cybernetic enhancements.,t,t,t,t,t,t,t,t,t,t,t,t,t,t,t,t,t,,,,,,,,
Dad's funny balls.,,,,,,,,,,,,,,,,,,,,,,t,,,
Daddies Brown Sauce,,,,,,,,t,,t,,,,,,,,,,,,,,,
Daddies® Brown Sauce.,,,,,,,,,,,,,,,t,,,,,t,,,,t,
Daddy issues.,,,t,t,t,t,t,t,t,t,t,t,t,t,t,t,t,t,t,t,t,t,t,t,t
Daddy's belt.,,,,,,,,,,,,,,,,,,,,,,t,,,
Daniel Radcliffe's delicious arsehole.,,,,,,,,,,t,,t,,,t,t,,,,t,t,,,t,
Daniel Radcliffe's delicious asshole.,,,,,,,,,t,,t,,t,t,,,t,t,t,,,t,t,,t
Danny DeVito.,,,,,,,,,,,,,t,t,t,t,t,t,t,t,t,,t,t,t
Danny Dyer.,,,,,,,,,,,,,,,,,,,,,,,,t,
Dark and mysterious forces beyond our control.,,,,,,,,,t,t,t,t,t,t,t,t,t,t,t,t,t,t,t,t,t
Darth Vader.,t,t,t,t,t,t,t,t,t,t,t,t,t,t,t,t,t,t,t,t,t,t,t,t,t
Date rape.,t,t,t,t,t,,,,,,,,,,,,,,,,,,,,
Dave Matthews Band.,t,t,t,,,,,,,,,,,,,,,,,,,,,,
David Bowie flying in on a tiger made of lightning.,,,,,,,t,t,t,t,t,t,t,t,t,t,t,t,t,t,t,t,t,t,t
David Cameron.,,,,,,,,t,,t,,,,,t,,,,,,,,,,
Dead babies.,t,t,t,t,t,t,t,t,t,t,t,t,t,t,t,t,t,t,t,t,t,t,t,t,t
Dead birds everywhere.,,,,,,,,,,,,,,,,,,t,t,t,t,t,t,t,t
Dead parents.,t,t,t,t,t,t,t,t,t,t,t,t,t,t,t,t,t,t,t,t,t,t,t,t,t
Deflowering the princess.,,,,,,,,,,,,,,,,,,,,,,t,,,
Dental dams.,t,t,t,t,t,t,t,,,,,,,,,,,,,,,,,,
Denying climate change.,,,,,,,,,,,,,,,,,,,,,t,t,,t,
Destroying the evidence.,,,,,t,t,t,t,t,t,t,t,t,t,t,t,t,,,,,t,,,
Dick Cheney.,t,t,t,t,t,t,t,,t,,t,,t,,,,,,,,,,,,
Dick fingers.,t,t,t,t,t,t,t,t,t,t,t,t,t,t,t,t,t,t,t,t,t,t,t,t,t
Dick pics.,,,,,,,,,,,,,,,,,,t,t,t,t,t,t,t,t
Dining with cardboard cutouts of the cast of Friends.,,,,,,,,,,,,,,,,,,,,,,t,,,
Dirty nappies.,,,,,,,,t,,t,,t,,,t,t,,,,t,t,,,t,
Disco fever.,,,,,,,,,,,,,,,,,,,,,,t,,,
Discovering he's a Tory.,,,,,,,,,,,,,,,,,,,,,,,,t,
Diversity.,,,,,,,,,,,,,,,,,,t,t,t,,t,t,t,t
Dogging.,,,,,,,,t,,t,,,,,t,,,,,t,,,,t,
Doin' it in the butt.,t,t,t,t,t,t,t,,t,,t,,t,t,,,t,t,t,,,,t,,t
Doin' it up the bum.,,,,,,,,,,,,t,,,,t,,,,,t,,,,
Doing a shit in Pudsey Bear's eyehole.,,,,,,,,t,,t,,,,,t,,,,,,,,,,
Doing crimes.,,,,,,,,,,,,,t,t,t,,t,t,t,t,,t,t,t,t
Doing it in the butt.,,,,,,,,,,,,,,,,,,,,,,t,,,
Doing the right thing.,t,t,t,t,t,t,t,t,t,t,t,t,t,t,t,t,t,t,t,t,t,t,t,t,t
Domino's™ Oreo™ Dessert Pizza.,t,t,t,t,t,t,t,,t,,t,,t,t,,,t,,,,,,,,
Don Cherry's wardrobe.,,,,,,,,,,,t,,,t,,,t,,,,,,,,
Donald J. Trump.,,,,,,,,,,,,,,,,,,t,t,t,t,t,t,t,t
Donald Trump.,,,t,,,,,,,,,,,,,,,,,,,,,,
Double penetration.,,,,,,,,,,,,,,,,,,,,,,t,,,
Douchebags on their iPhones.,t,t,t,,,,,,,,,,,,,,,,,,,,,,
"Dr. Martin Luther King, Jr.",t,t,t,,,,,,,,,,,,,,,,,,,,,,
Drinking alone.,t,t,t,t,t,t,t,t,t,t,t,t,t,t,t,t,t,t,t,t,t,t,t,t,t
Drinking out of the toilet and eating garbage.,,,,,,,,,,,,,t,t,,t,t,t,t,,t,t,t,,t
Drinking out of the toilet and eating rubbish.,,,,,,,,,,,,,,,t,,,,,t,,,,t,
Dropping a baby down the dunny.,,,,,,,,,,,,t,,,,t,,,,,t,,,,
Dropping a chandelier on your enemies and riding the rope up.,,,t,t,t,t,t,t,t,t,t,t,t,t,t,t,t,,,,,,,,
Drowning the kids in the bathtub.,,,,,,,,,,,,,t,t,t,t,t,t,t,t,t,t,t,t,t
Druids.,,,,,,,,t,,t,,,,,t,,,,,t,,,,,
Drum circles.,t,t,t,,,,,,,,,,,,,,,,,,,,,,
Dry heaving.,t,t,t,t,t,t,t,t,t,t,t,t,t,t,t,t,t,t,t,t,t,,t,t,t
Dwarf tossing.,t,t,t,t,,,,,,,,,,,,,,,,,,,,,
"Dwayne ""The Rock"" Johnson.",,,,,,,,,,,,,,,,,,t,t,t,t,t,t,t,t
Dying alone and in pain.,,,,,,,,,,,,,,,,,,,,,,t,,,
Dying of dysentery.,t,t,t,t,t,t,t,t,t,t,t,t,,,,,,,,,,,,,
Dying.,t,t,t,t,t,t,t,t,t,t,t,t,t,t,t,t,t,t,t,t,t,t,t,t,t
Eastern European Turbo-Folk music.,t,t,t,,,,,,,,,,,,,,,,,,,,,,
Eating a hard boiled egg out of my husband's arsehole.,,,,,,,,,,,,,,,,,,,,t,,,,t,
Eating a hard boiled egg out of my husband's asshole.,,,,,,,,,,,,,,,,,,t,t,,t,t,t,,t
Eating all of the cookies before the AIDS bake-sale.,t,t,t,t,t,t,t,,,,,,,,,,,,,,,,,,
Eating an albino.,,,,,,,,,,,,,,,,,,,,,,t,,,
Eating the last known bison.,t,t,t,t,t,t,t,,t,,t,,t,t,,,t,t,t,,,,,,
Eating too much of a lamp.,t,t,t,,,,,,,,,,,,,,,,,,,,,,
Ecstasy.,,,,,,,,t,,t,,t,,,t,t,,,,t,,,,t,
Ed Balls.,,,,,,,,t,,t,,,,,t,,,,,t,,,,,
Edible underpants.,t,t,t,t,t,t,t,,t,,t,t,t,t,,t,t,,,,,,,,
Edible underwear.,,,,,,,,t,,t,,,,,t,,,,,,,t,,,
Egging an MP.,,,,,,,,,,,,,,,t,,,,,t,,,,t,
Elderly Japanese men.,t,t,t,t,t,t,t,t,t,t,t,t,t,t,t,t,t,t,t,t,t,t,t,t,t
Electricity.,,,,,t,,t,,,,,,,,,,,,,,,,,,
Embryonic stem cells.,,,t,t,t,t,t,t,t,t,t,t,t,t,t,t,t,,,,,,,,
Emerging from the sea and rampaging through Tokyo.,,,,,,,,,,,,,,,,,,t,t,t,t,t,t,t,t
Emma Watson.,,,,,,,t,t,t,t,t,t,t,t,t,t,t,t,t,t,t,t,,,
Emotions.,t,t,t,t,t,t,t,t,t,t,t,t,t,t,t,t,t,t,t,t,t,t,t,t,t
England.,,,,,,,,t,,t,,,,,t,,,,,t,,,,t,
Erectile dysfunction.,,,t,t,t,t,t,t,t,t,t,t,t,t,t,t,t,t,t,t,t,t,t,t,t
Establishing dominance.,,,,,,,t,t,t,t,t,t,t,t,t,t,t,t,t,t,t,t,t,t,t
Estrogen.,t,t,t,t,t,t,t,t,t,t,t,,t,t,,,t,t,,,,t,t,,t
Ethnic cleansing.,t,t,t,t,t,t,t,t,t,t,t,t,t,t,t,t,t,t,t,t,t,,t,t,t
Eugenics.,t,t,t,t,t,t,t,t,t,t,t,t,t,t,t,t,t,,,,,,,,
Euphoria™ by Calvin Klein.,,,t,t,,,,,,,,,,,,,,,,,,,,,
Exactly what you'd expect.,,,t,t,t,t,t,t,t,t,t,t,t,t,t,t,t,t,t,t,t,t,t,t,t
Excalibur.,,,,,,,,t,,t,,,,,,,,,,,,,,,
Exchanging pleasantries.,t,t,t,t,,,,,,,,,,,,,,,,,,,,,
Executing a hostage every hour.,,,,,,,,,,,,,,,,,,t,t,t,t,,t,t,t
Existentialists.,t,t,t,,,,,,,,,,,,,,,,,,,,,,
Existing.,,,,,,,,,,,,,,,,,,,,,,t,,,
Expecting a burp and vomiting on the floor.,,,t,t,t,t,t,t,t,t,t,t,t,t,t,t,t,t,t,t,t,t,t,t,t
Explaining how vaginas work.,,,,,,,,,,,,,,,,,,t,t,t,t,t,t,t,t
Explosions.,t,t,t,t,t,t,t,t,t,t,t,t,t,t,t,t,t,t,t,t,t,t,t,t,t
Extremely tight jeans.,,,,,,,,,,,,,,,,,,,,,,t,,,
Extremely tight pants.,,,,,t,t,t,,t,,t,t,t,t,,t,t,t,t,,t,,t,,t
Extremely tight trousers.,,,,,,,,t,,t,,,,,t,,,,,t,,,,t,
Facebook.,,,,,,,,,,,,,,,,,,t,t,t,t,t,,,
Fading away into nothingness.,,,,,,,,,,,,,t,t,t,t,t,t,t,t,t,t,t,t,t
Faffing about.,,,,,,,,t,,t,,,,,t,,,,,t,,,,t,
Faith healing.,t,t,t,,,,,,,,,,,,,,,,,,,,,,
Fake tits.,,,,,,,,,,,,,,,,,,t,t,t,t,t,t,t,t
FALCON PUNCH!!!,t,t,t,,,,,,,,,,,,,,,,,,,,,,
Famine.,,,t,t,t,t,t,t,t,t,t,t,t,t,t,t,t,t,t,t,t,,t,t,t
Fancy Feast®.,t,t,t,t,t,t,t,,t,,t,,t,t,,,t,t,t,,,,t,,t
Farting and walking away.,t,t,t,t,t,t,t,t,t,t,t,t,t,t,t,t,t,t,t,t,t,t,t,t,t
Farting into your petticoats and wafting it at Lord Gregory.,t,t,t,,,,,,,,,,,,,,,,,,,,,,
Fear itself.,t,t,t,t,t,t,t,t,t,t,t,t,t,t,t,t,t,t,t,t,t,t,t,t,t
Feeding Rosie O'Donnell.,t,t,t,t,t,t,,,,,,,,,,,,,,,,,,,
Fellowship in Christ.,,,,,,,,,,,,,,,,,,t,t,t,t,,t,t,t
Fiery poops.,t,t,t,t,t,t,t,,t,,t,,t,t,,,t,t,t,,,t,t,,t
Fiery poos.,,,,,,,,,,,,t,,,,t,,,,,t,,,,
Figgy pudding.,t,t,t,t,t,t,t,,t,,,,t,,,,,,,,,,,,
Filling my briefcase with business stuff.,,,,,,,,,,,,,,,,,,t,t,t,t,,t,t,t
Filling my son with spaghetti.,,,,,,,,,,,,,,,,,,,,,,t,,,
Filling Sean Hannity with helium and watching him float away.,,,,,t,,,,,,,,,,,,,,,,,,,,
Finger painting.,t,t,t,t,t,t,t,t,t,t,t,t,t,t,t,t,t,t,t,t,t,t,t,t,t
Fingering.,t,t,t,t,t,t,t,t,t,t,t,t,t,t,t,t,t,,,,,,,,
Firing a rifle into the air while balls deep in a squealing hog.,,,t,t,t,t,t,t,t,t,t,t,t,t,t,t,t,t,t,t,t,,t,t,t
Fisting.,,,,,,,,,,,,,,,,,,,,,,t,,,
Five litres of Special Brew.,,,,,,,,t,,t,,,,,t,,,,,,,,,,
Five-Dollar Footlongs™.,t,t,t,t,t,t,t,,t,,t,,t,t,,,t,,,,,,,,
Flash flooding.,t,t,t,t,,,,,,,,,,,,,,,,,,,,,
Flat out not giving a shit.,,,,,,,,,,,,,,,,,,,,,,,,t,
Flavored condoms.,t,t,t,,,,,,,,,,,,,,,,,,,,,,
Flesh-eating bacteria.,,,t,t,t,t,t,t,t,t,t,t,t,t,t,t,t,t,t,t,t,t,t,t,t
Flightless birds.,t,t,t,t,t,t,t,t,t,t,t,t,t,t,t,t,t,t,t,t,t,t,t,t,t
Flying robots that kill people.,,,,,,,,,,,,,,,,,,,,,,t,,,
Flying sex snakes.,,,t,t,t,t,t,t,t,t,t,t,t,t,t,t,t,t,t,t,t,t,t,t,t
Forced sterilisation.,,,,,,,,,,,,,,,,,,,,,t,,,t,
Forced sterilization.,,,,,,,,,,,,,,,,,,t,t,t,,,t,,t
Foreskin.,t,t,t,t,t,t,t,t,t,t,t,t,t,t,t,t,t,t,t,t,t,t,t,t,t
Forgetting the Alamo.,t,t,t,t,,,,,,,,,,,,,,,,,,,,,
Former President George W. Bush.,,,t,t,t,t,t,,t,,t,,t,t,,,t,t,t,,,,t,,t
Four Loko.,t,t,t,,,,,,,,,,,,,,,,,,,,,,
Fox News.,,,,,,,,,,,,,,,,,,t,t,,,,t,,t
Fragile masculinity.,,,,,,,,,,,,,,,,,,t,t,t,t,t,t,t,t
Free samples.,t,t,t,t,t,t,t,t,t,t,t,t,t,t,t,t,t,t,t,t,t,t,t,t,t
Friction.,t,t,t,t,t,t,t,t,t,t,t,t,t,t,t,t,t,t,t,t,t,t,t,t,t
Friendly fire.,t,t,t,t,t,t,t,t,t,t,t,t,t,t,t,t,t,,,,,t,,,
Friends who eat all the snacks.,,t,t,t,,,,,,,,,,,,,,,,,,,,,
Friends who eat all your snacks.,t,,,,,,,,,,,,,,,,,,,,,,,,
Friends with benefits.,t,t,t,t,t,t,,,,,,,,,,,,,,,,,,,
Frolicking.,t,t,t,t,t,t,t,t,t,t,t,t,t,t,t,t,t,,,,,,,,
Front butt.,t,t,t,,,,,,,,,,,,,,,,,,,,,,
Fucking my sister.,,,,,,,,,,,,,,,,,,t,t,t,t,t,t,t,t
Fucking the weatherman on live television.,,,,,,,,,,,,,,,,,,t,t,t,t,t,t,t,t
Full frontal nudity.,,,t,t,t,t,t,t,t,t,t,t,t,t,t,t,t,t,t,t,t,t,t,t,t
Funky fresh rhymes.,,,,,,t,t,t,t,t,t,t,t,t,t,t,t,t,t,t,t,,,,
Gandalf.,,,,,,,,,,,,,,,,,,,,,,t,,,
Gandhi.,t,t,t,t,t,t,t,t,t,t,t,t,t,t,t,t,t,t,t,t,t,t,t,t,t
Garth Brooks.,,,t,,,,,,,,,,,,,,,,,,,,,,
Gary Coleman.,t,t,t,,,,,,,,,,,,,,,,,,,,,,
Gary Glitter.,,,,,,,,t,,t,,,,,t,,,,,,,,,,
Gay aliens.,,,,,,,,,,,,,,,,,,,,,,t,,,
Gay conversion therapy.,,,,,,,,,,,,,,,,,,t,t,t,t,,t,t,t
Geese.,t,t,t,t,t,t,t,t,t,t,t,t,t,t,t,t,t,t,t,t,t,,t,t,t
Genetically engineered super-soldiers.,,,,,,,,,,,,,,,,,,,,,,t,,,
Genghis Khan.,t,t,t,t,t,t,t,t,t,t,t,t,,,,,,,,,,,,,
Genital piercings.,t,t,t,t,t,t,t,t,,,,t,,,,,,,,,,,,,
Gentleman's Relish®.,,,,,,,,t,,t,,,,,t,,,,,,,,,,
Genuine human connection.,,,t,,,,,,t,t,t,t,t,t,t,t,t,t,t,t,t,t,t,t,t
German Chancellor Angela Merkel.,,,,,,,,,,,,,,,,,,t,t,t,t,t,t,t,t
German dungeon porn.,t,t,t,t,t,t,t,t,t,t,t,t,t,t,t,t,t,t,t,t,t,t,t,t,t
Germans on holiday.,,,,,,,,t,,t,,,,,t,,,,,t,,,,,
Getting a DUI on a Zamboni.,,,,,,,,,,,,,,,,,,,t,,,,,,
Getting crushed by a vending machine.,,,,,,,,,,,,,t,t,t,t,t,t,t,t,t,t,t,t,t
Getting cummed on.,,,,,,,,,,,,,,,,,,t,t,t,t,t,t,t,t
Getting drugs off the street and into my body.,,,,,,,,,,,,,,,,,,t,t,t,t,t,t,t,t
Getting drunk on mouthwash.,t,t,t,t,t,t,t,t,,,,,,,,,,,,,,,,,
Getting fingered.,,,,,,,,,,,,,,,,,,t,t,t,t,t,t,t,t
Getting into a pretty bad car accident.,,,,,,,,,,,,,,,,,,,,,,,t,,t
"Getting married, having a few kids, buying some stuff, retiring to Florida, and dying.",,,,,t,t,t,,t,,,,t,,,,,t,t,,,,t,,t
"Getting married, having a few kids, buying some stuff, retiring to Queensland, and dying.",,,,,,,,,,,,t,,,,t,,,,,t,,,,
"Getting married, having a few kids, buying some stuff, retiring to the south of France, and dying.",,,,,,,,,,,,,,,,,,,,t,,,,t,
Getting naked and watching CBeebies.,,,,,,,,t,,t,,,,,t,,,,,t,,,,t,
Getting naked and watching Nickelodeon.,,,t,t,t,t,t,,t,,t,,t,t,,,t,t,t,,,,t,,t
Getting naked and watching Play School.,,,,,,,,,,,,t,,,,t,,,,,t,,,,
Getting pregnant again.,,,,,,,,,,,,,t,t,t,t,t,,,,,,,,
Getting really high.,t,t,t,t,t,t,t,t,t,t,t,t,t,t,t,t,t,t,t,t,t,t,t,t,t
Getting so angry that you pop a boner.,t,t,t,t,t,t,t,t,t,t,t,,t,t,t,,t,t,t,t,,,,,
Getting so angry that you pop a stiffy.,,,,,,,,,,,,t,,,,t,,,,,t,,,,
Getting the same Boots Meal Deal every day for six years.,,,,,,,,,,,,,,,,,,,,,,,,t,
"Getting wed, having a few kids, taking some pictures, retiring to the south of France, and dying.",,,,,,,,t,,t,,,,,t,,,,,,,,,,
Ghosts.,t,t,t,t,t,t,t,t,t,t,t,t,t,t,t,t,t,t,t,t,t,t,t,t,t
Girls who shouldn't go wild.,t,t,t,,,,,,,,,,,,,,,,,,,,,,
Girls.,,,,,,,,,,,,,,,,,,t,t,t,t,t,t,t,t
Giving 110%.,t,t,t,t,t,t,t,t,t,t,,t,t,t,t,t,t,t,t,t,t,,t,t,t
Giving birth to the Antichrist.,,,,,,,,,t,t,t,t,t,t,t,t,t,t,t,t,t,t,t,t,t
Gladiatorial combat.,,,,,,,,,,,,,,,,,,,,,,t,,,
Glassing a wanker.,,,,,,,,,,,,t,,,,t,,,,,t,,,,
Glenn Beck being harried by a swarm of buzzards.,t,t,t,t,,,,,,,,,,,,,,,,,,,,,
Glenn Beck catching his scrotum on a curtain hook.,t,t,t,t,,,,,,,,,,,,,,,,,,,,,
Glenn Beck convulsively vomiting as a brood of crab spiders hatches in his brain and erupts from his tear ducts.,t,t,t,t,,,,,,,,,,,,,,,,,,,,,
Glenn Beck.,t,t,t,,,,,,,,,,,,,,,,,,,,,,
Global warming.,t,t,t,t,,,,,,,,,,,,,,,,,,,,,
Gloryholes.,t,t,t,t,t,t,t,t,t,t,t,t,t,t,t,t,t,t,t,t,t,t,t,t,t
Goats eating cans.,t,t,t,t,,,,,,,,,,,,,,,,,,,,,
Goblins.,t,t,t,t,t,t,t,t,t,t,t,t,t,t,t,t,t,t,t,t,t,t,t,t,t
God.,t,t,t,t,t,t,t,t,t,t,t,t,t,t,t,t,t,t,t,t,t,t,t,t,t
GoGurt®.,t,t,t,t,t,t,t,,t,,,,t,,,,,t,t,,,,t,,t
Going an entire day without masturbating.,,,,,,,,,,,,,,,,,,t,t,t,t,t,t,t,t
Going around punching people.,,,,,,,,,,,,,,,,,,,,,,t,,,
Golden showers.,t,t,t,t,t,t,t,t,,,,,,,,,,,,,,,,,
"Good-natured, fun-loving Aussie racism.",,,,,,,,,,,,t,,,,t,,,,,t,,,,
Grandma.,t,t,t,t,t,t,t,t,t,t,t,t,t,t,t,t,t,t,t,t,t,t,t,t,t
Grandpa's ashes.,,,,,,,,,,,,,,,,,,,,,,t,,,
"Graphic violence, adult language, and some sexual content.",,,,,,,,,,,,,,,,,,,,,,t,,,
Grave robbing.,t,t,t,t,t,t,t,t,t,t,t,t,t,t,t,t,t,,,,,t,,,
Growing a pair.,,,,,,t,t,t,t,t,t,t,t,t,t,t,t,,,,,,,,
Guys who don't call.,t,t,t,t,t,t,t,t,,,,,,,,,,,,,,,,,
Haggis.,,,,,,,,t,,t,,,,,t,,,,,t,,,,,
Half a kilo of pure China White heroin.,,,,,,,,,,,,t,,,,t,,,,,t,,,,
Half-assed foreplay.,t,t,t,t,t,t,t,,t,,t,,t,t,,,t,t,t,,,,t,,t
Harry Potter erotica.,t,t,t,t,t,t,t,t,t,t,t,t,t,t,t,t,t,t,t,t,t,t,t,t,t
Have some more kugel.,t,t,t,,,,,,,,,,,,,,,,,,,,,,
Having a Golden Gaytime.,,,,,,,,,,,,t,,,,t,,,,,t,,,,
Having a penis.,,,,,,,,,,,,,,,,,,,,,,t,,,
Having a shag in the back of a ute.,,,,,,,,,,,,t,,,,t,,,,,t,,,,
Having anuses for eyes.,,,,,,,,,t,t,t,t,t,t,t,t,t,t,t,t,t,t,t,t,t
Having big dreams but no realistic way to achieve them.,,,,,,,,,,,,,t,t,t,t,t,t,t,t,t,t,t,t,t
Having sex for the first time.,,,,,,,,,,,,,,,,,,t,t,t,t,t,t,t,t
Having sex on top of a pizza.,,,,,,,,,,,,,,,,,,,,,,t,,,
Having sex with every man in Winnipeg.,,,,,,,,,,,,,,t,,,t,,,,,,,,
Having shotguns for legs.,,,,,,,,,,,,,,,,,,,,,,t,,,
Heartwarming orphans.,t,t,t,t,t,t,t,t,t,t,t,t,t,t,t,t,t,t,t,t,t,t,t,t,t
Heath Ledger.,t,t,t,,,,,,,,,,,,,,,,,,,,,,
Helplessly giggling at the mention of Hutus and Tutsis.,,,,t,t,t,t,,t,,t,,,,,,,,,,,,,,
"Her Majesty, Queen Elizabeth II.",,,,,t,t,t,t,t,t,t,t,t,t,t,t,t,t,t,t,t,t,t,t,t
"Her Royal Highness, Queen Elizabeth II.",t,t,t,t,,,,,,,,,,,,,,,,,,,,,
Heritage minutes.,,,,,,,,,,,t,,,t,,,t,,t,,,,,,
Heroin.,,,,,,,,,,,,,,,,,,,,,,t,,,
Heteronormativity.,t,t,t,t,t,t,t,,t,,t,,t,t,,,t,t,t,,,,t,,t
Hillary Clinton's emails.,,,,,,,,,,,,,,,,,,t,,,,,t,,t
Hip hop jewels.,,,,,,,,,t,t,t,,,,,,,,,,,,,,
Hipsters.,,,,,,,,,,,,,,,,,,,,,,t,,,
Historically black colleges.,t,t,t,t,t,t,t,,t,,,,,,,,,,,,,,,,
Hobos.,,,,,,,,,,,,,,,,,,t,t,t,t,,t,t,t
Holding down a child and farting all over him.,,,,,,,,,t,t,t,t,t,t,t,t,t,t,t,t,t,t,t,t,t
Home video of Oprah sobbing into a Lean Cuisine®.,t,t,t,t,t,t,t,,t,,t,t,,,,,,,,,,,,,
Homeless people.,t,t,t,t,t,t,t,t,t,t,t,t,t,t,t,t,t,,,,,t,,,
Homo milk.,,,,,,,,,,,t,,,,,,,,,,,,,,
Hooning.,,,,,,,,,,,,,,,,,,,,,t,,,,
Hope.,t,t,t,t,t,t,t,t,t,t,t,t,t,t,t,t,t,t,t,t,t,t,t,t,t
Hormone injections.,,,t,t,t,t,t,t,t,t,t,t,t,t,t,t,t,,,,,,,,
Horrifying laser hair removal accidents.,,,t,t,t,t,t,t,t,t,t,t,t,t,t,t,t,,,,,t,,,
Horse meat.,t,t,t,t,t,t,t,t,t,t,t,t,t,t,t,t,t,t,t,t,t,t,t,t,t
Hospice care.,,,,,t,t,t,t,t,t,t,t,t,,t,t,t,t,,t,t,,t,t,t
Hot cheese.,,,t,t,t,t,t,t,t,t,t,t,t,t,t,t,t,t,t,t,t,t,t,t,t
Hot people.,t,t,t,t,t,t,t,t,t,t,t,t,t,t,t,t,t,t,t,t,t,t,t,t,t
Hot Pockets®.,t,t,t,t,t,t,t,,t,,,,t,,,,,,,,,,,,
How amazing it is to be on mushrooms.,,,,,,,,,,,,,,,,,,t,t,,,t,t,,t
How awesome it is to be white.,,,,,,,,,,,,,,,,,,,,,,t,,,
How bad my daughter fucked up her dance recital.,,,,,,,,,,,,,,,,,,t,t,t,t,t,t,t,t
How far I can get my own penis up my butt.,,,,,,,,,,,,,,,,,,t,t,t,t,t,t,t,t
How wet my pussy is.,,,,,,,,,,,,,,,,,,,,,,t,,,
However much weed $20 can buy.,,,,,,,,,,,,,t,t,,t,t,t,t,,t,,t,,t
However much weed £20 can buy.,,,,,,,,,,,,,,,t,,,,,t,,,,t,
Huffing spray paint.,,,,,,,,,,,,,,,,,,t,t,,,,t,,t
Huge biceps.,,,,,,,,,,,,,,,,,,t,t,t,t,t,t,t,t
Hulk Hogan.,t,t,t,t,t,t,t,,,,,,,,,,,,,,,,,,
"Hunting ""accidents"".",,t,t,,,,,,,,,,,,,,,,,,,,,,
Hunting accidents.,t,,,,,,,,,,,,,,,,,,,,,,,,
Hurling one's body down a hill in pursuit of a wheel of cheese.,,,,,,,,t,,t,,,,,t,,,,,,,,,,
Hurricane Katrina.,t,t,t,t,t,t,t,,t,,t,,,,,,,,,,,,,,
Hurting those closest to me.,,,,,,,,,,,,,,,,,,,,,,,t,t,t
I'm friends with your dad on Facebook.,t,t,t,,,,,,,,,,,,,,,,,,,,,,
Ice.,,,,,,,,,,,,t,,,,t,,,,,t,,,,
Illegal immigrants.,,,,,,,,,,,,,,,,,,t,t,t,,,t,t,t
Impotence.,t,t,t,,,,,,,,,,,,,,,,,,,,,,
Improvised explosive devices.,t,t,t,,,,,,,,,,,,,,,,,,,,,,
Inappropriate yodeling.,t,t,t,t,t,t,t,t,t,t,t,t,t,t,t,t,t,t,t,t,t,t,t,t,t
Incest.,t,t,t,t,t,t,t,t,t,t,t,t,t,t,t,t,t,t,t,t,t,t,t,t,t
Indescribable loneliness.,,,,,,,,,,,,,,,,,,,,,,t,,,
Inserting a jam jar into my anus.,,,,,,,,,,,,t,,,,t,,,,,t,,,,
Inserting a Mason jar into my anus.,,,,,,,,,t,t,t,,t,t,t,,t,t,t,t,,,t,t,t
Intelligent design.,t,t,t,t,,,,,,,,,,,,,,,,,,,,,
Intimacy problems.,,,,,,,,,,,,,,,,,,,,,,t,,,
Invading Poland.,,,,,,,,,t,t,t,t,t,t,t,t,t,t,t,t,t,t,t,t,t
Irritable Bowel Syndrome.,t,t,t,,,,,,,,,,,,,,,,,,,,,,
Italians.,t,t,t,t,t,t,t,t,t,t,t,t,t,t,t,t,t,t,t,t,t,t,t,t,t
Itchy pussy.,,,,,,,,,,,,,,,,,,t,t,t,t,t,t,t,t
J.D. Power and his associates.,,,,,,,,,,,,,,,,,,t,,,,,t,,t
Jade Goody's cancerous remains.,,,,,,,,t,,t,,,,,t,,,,,,,,,,
James fucking Cordon.,,,,,,,,,,,,,,,,,,,,,,,,t,
Jedward.,,,,,,,,t,,t,,,,,,,,,,,,,,,
Jehovah's Witnesses.,,,,,,,,t,,t,,t,,,t,t,,,,t,t,,,,
Jennifer Lawrence.,,,,,,,,,,,,,t,t,t,t,t,t,t,t,t,t,t,t,
Jerking off into a pool of children's tears.,t,t,t,t,t,t,t,,t,,t,,t,t,,,t,t,t,,,t,t,,t
Jesus.,,,,,,,,,,,,,,,,,,,,,,t,,,
Jew-fros.,t,t,t,t,,,,,,,,,,,,,,,,,,,,,
Jewish fraternities.,t,t,t,t,t,t,t,,t,,t,,t,t,,,t,,,,,,,,
"Jews, gypsies, and homosexuals.",,,,,,,,,,,,,,,,,,t,t,t,t,,t,t,t
Jibber-jabber.,,,t,t,t,,,,,,,,,,,,,,,,,,,,
Jimmy Savile.,,,,,,,,t,,t,,,,,t,,,,,t,,,,t,
Jobs.,,,,,,,,,t,t,t,t,t,t,t,t,t,t,t,t,t,t,t,t,t
Joe Biden.,,,,,,,,,t,,,,t,,,,,,,,,,,,
John Howard's eyebrows.,,,,,,,,,,,,t,,,,t,,,,,t,,,,
John Wilkes Booth.,t,t,t,t,t,t,t,,t,,,,,,,,,,,,,,,,
Judge Judy.,t,t,t,t,t,t,t,,t,,t,t,t,t,,t,t,t,t,,t,,t,,t
Judging everyone.,,,,,,,,,,,,,,,,,,t,t,t,t,t,t,t,t
Just touching David Beckham's hair.,,,,,,,,t,,t,,,,,t,,,,,t,,,,,
Justin Bieber.,t,t,t,t,t,t,t,t,t,t,t,t,t,t,t,t,t,t,t,t,t,t,t,t,t
Justin Trudeau.,,,,,,,,,,,,,,,,,t,,t,,,,,,
Juuling.,,,,,,,,,,,,,,,,,,,,,,,t,,
Kamikaze pilots.,t,t,t,t,t,t,t,t,t,t,t,t,t,t,t,t,t,t,t,t,t,t,t,t,t
Kanye West.,t,t,t,t,t,t,t,,t,,t,t,t,t,,t,t,t,t,,t,t,t,,t
Keanu Reeves.,t,t,t,t,t,t,t,t,t,t,t,t,t,t,t,t,t,,,,,t,,,
Keeping Christ in Christmas.,t,t,t,,,,,,,,,,,,,,,,,,,,,,
Keg stands.,t,t,t,t,,,,,,,,,,,,,,,,,,,,,
Kibbles 'n Bits™.,t,,,,,,,,,,,,,,,,,,,,,,,,
Kibbles n' Bits.,,t,t,,,,,,,,,,,,,,,,,,,,,,
Kids with ass cancer.,t,t,t,t,t,t,t,,t,,t,,t,t,,,t,,,,,,,,
Kids with bum cancer.,,,,,,,,t,,t,,t,,,t,t,,,,,,,,,
Kim Jong-il.,t,t,t,t,,,,,,,,,,,,,,,,,,,,,
Kim Jong-un.,,,,,,,,,,,,,,,,,,,,,,t,,,
Kissing grandma on the forehead and turning off her life support.,,,,,,,,,,,,,,,,,,t,t,,,t,t,,t
Kissing nan on the forehead and turning off her life support.,,,,,,,,,,,,,,,,,,,,t,t,,,t,
Knife crime.,,,,,,,,,,,,,,,,,,,,t,,,,t,
"Kourtney, Kim, Khloe, Kendall, and Kylie.",,,,,,,,,,,,,,,,,,t,t,t,t,,t,t,t
Lactation.,t,t,t,t,t,t,t,t,t,t,t,t,t,t,t,t,t,t,t,t,t,t,t,t,t
Lads.,,,,,,,,,,,,,,,,,,,,t,,,,t,
Lady Gaga.,,,t,t,t,t,t,t,t,t,t,t,t,t,t,t,t,,,,,t,,,
Lance Armstrong's missing testicle.,t,t,t,t,t,t,t,t,t,t,t,t,t,t,t,t,t,t,t,t,t,,,,
Land mines.,t,t,t,t,t,t,t,t,t,t,t,t,t,t,t,t,t,t,t,t,t,t,t,t,t
Laying an egg.,,,t,t,t,t,t,t,t,t,t,t,t,t,t,t,t,t,t,t,t,t,t,t,t
Leaked footage of Kate Middleton's colonoscopy.,,,,,,,,t,,t,,,,,t,,,,,,,,,,
Leaving an awkward voicemail.,t,t,t,t,t,t,t,t,,,,,,,,,,,,,,,,,
Lena Dunham.,,,,,,,,,,,,,,,,,,t,t,,,,t,,
Leprosy.,t,t,t,t,t,t,t,t,t,t,t,t,t,t,t,t,t,t,t,t,t,t,t,t,t
Letting everyone down.,,,,,,,,,,,,,,,,,,,,,,t,,,
Letting yourself go.,,,t,,,,,,,,,,,,,,,,,,,,,,
Leveling up.,,,,,,,,,,,,,,,,,,,,,,t,,,
Liberals.,,,,,,,,,,,,t,,,,t,,t,,,t,,t,,t
Licking the Queen.,,,,,,,,,,,,,,,,,,,,,,,,t,
Licking things to claim them as your own.,t,t,t,t,t,t,t,t,t,t,t,t,t,t,t,t,t,t,t,t,t,t,t,t,t
Listening to her problems without trying to solve them.,,,,,,,,,,,,,,,,,,t,t,t,t,t,t,t,t
Literally eating shit.,,,,,,,,,,,,,,,,,,,,,,t,,,
Little boy penises.,,,,,,,,,,,,,,,,,,t,t,t,t,,t,t,t
Living in a trash can.,,,,,,,,,,,,,,,,,,,,,,t,,,
Living in Yellowknife.,,,,,,,,,,,,,,,,,,,t,,,,,,
Lockjaw.,t,t,t,t,t,t,t,t,t,t,t,t,t,t,t,t,t,t,t,t,t,,,,
"Loki, the trickster god.",,,,,,,,,,,,,,,,,,,,,,t,,,
"Looking in the mirror, applying lipstick, and whispering ""tonight, you will have sex with Tom Cruise.""",,,,,,,,,,,,,,,,,,t,t,t,t,,t,t,t
Loose lips.,t,t,t,t,t,,,,,,,,,,,,,,,,,,,,
Lumberjack fantasies.,t,t,t,t,t,t,t,t,t,t,t,t,t,t,t,t,t,t,t,t,t,,t,t,t
Lunchables™.,t,t,t,t,t,t,t,,t,,t,,t,t,,,t,t,t,,,,t,,t
LYNX® Body Spray.,,,,,,,,t,,t,,t,,,t,t,,,,t,t,,,t,
Mad cow disease.,t,t,t,,,,,,,,,,,,,,,,,t,,,,t,
Madeleine McCann.,,,,,,,,t,,t,,,,,t,,,,,t,,,,t,
Magnets.,,,,,,,,,t,t,t,t,t,t,t,t,t,t,t,t,t,t,t,t,t
Making a friend.,,,,,,,,,,,,,,,,,,,,,,t,,,
Making a pouty face.,t,t,t,t,t,t,t,t,t,t,t,t,t,t,t,t,t,t,t,t,t,t,t,t,t
Making sex at her.,t,t,t,,,,,,,,,,,,,,,,,,,,,,
Making the penises kiss.,,,,,,,,,,,,,,,,,,,,,,t,,,
Making up for centuries of oppression with one day of apologising.,,,,,,,,,,,,t,,,,t,,,,,t,,,,
Man meat.,t,t,t,t,t,t,t,t,t,t,t,t,t,t,t,t,t,t,t,t,t,t,t,t,t
Mansplaining.,,,,,,,,,,,,,,,,,,t,t,,,,t,,t
Many bats.,,,,,,,,,,,,,,,,,,t,t,t,t,t,t,t,t
Marky Mark and the Funky Bunch.,t,t,t,,,,,,,,,,,,,,,,,,,,,,
Martha Stewart.,t,t,t,,,,,,,,,,,,,,,,,,,,,,
"Martin Lewis, Money Saving Expert.",,,,,,,,,,,,,,,,,,,,,,,,t,
"Massive, widespread drought.",,,,,,,,,,,,t,,,,t,,,,,t,,,,
Masturbating.,,,,,,,,,,,,,,,,,,t,t,t,t,t,t,t,t
Masturbation.,t,t,t,t,t,t,t,v1..5,t,t,t,t,t,t,t,t,t,,,,,,,,
Mathletes.,t,t,t,t,,,,,,,,,,,,,,,,,,,,,
"Maureen of Blackpool, Reader's Wife of the Year 1988.",,,,,,,,t,,t,,,,,t,,,,,t,,,,t,
Me time.,t,t,t,t,t,t,t,t,t,t,t,t,t,t,t,t,t,t,t,t,t,t,t,t,t
Me.,,,,,,,,,,,,,,,,,,,,,,t,,,
MechaHitler.,,,t,t,t,t,t,t,t,t,t,t,t,t,t,t,t,t,t,t,t,,,,
Memes.,,,,,,,,,,,,,,,,,,t,t,t,t,t,t,t,t
Men discussing their feelings in an emotionally healthy way.,,,,,,,,,,,,,,,,,,t,t,t,t,t,t,t,t
Men.,t,t,t,t,t,t,t,t,t,t,t,t,t,t,t,t,t,t,t,t,t,t,t,t,t
Menstrual rage.,,,,,t,t,t,t,t,t,t,t,t,t,t,t,t,t,t,t,t,t,t,t,t
Menstruation.,t,t,t,t,,,,,,,,,,,,,,,,,,,,,
Meth.,,,,,,,,,,,,,,,,,,t,t,t,,t,t,t,t
Michael Jackson.,t,t,t,t,t,t,t,t,t,t,t,t,t,t,t,t,t,,,,,t,,,
Michelle Obama's arms.,t,t,t,t,t,t,t,,t,,t,,t,t,,,t,,,,,,,,
Mike Pence.,,,,,,,,,,,,,,,,,,t,,,,,t,,t
Mild autism.,,,,,,,,,,,,,,,,,,,,,,t,,,
Miley Cyrus at 55.,,,,,,,,,t,t,t,t,t,t,t,t,t,,,,,,,,
Miley Cyrus.,,,,,,,,,,,,,,,,,,,,,,t,,,
Millions of cane toads.,,,,,,,,,,,,t,,,,t,,,,,t,,,,
Millwall fans.,,,,,,,,t,,t,,,,,,,,,,,,,,,
Mining accidents.,,,,,,,,t,,t,,,,,t,,,,,,,,,,
Mistaking a retarded person for someone who's merely deaf.,t,t,t,,,,,,,,,,,,,,,,,,,,,,
Mom.,,,,,,,,,,,,,,,,,,,,,,t,,,
Mooing.,,,,,,,,,,,,,,,,,,,,,,t,,,
Moral ambiguity.,,,,,,,,,,,,,,,,,,,,,,t,,,
More elephant cock than I bargained for.,,,,,,,,,,,,,,,,,,t,t,t,t,t,t,t,t
Morgan Freeman's voice.,,,t,t,t,t,t,t,t,t,t,t,t,t,t,t,t,t,t,t,t,t,t,t,t
Mountain Dew Code Red.,,,t,,,,,,,,,,,,,,,,,,,,,,
Mouth herpes.,t,t,t,t,t,t,t,t,t,t,t,t,t,t,t,t,t,t,t,t,t,t,t,t,t
"Mr. Clean, right behind you.",t,t,t,t,t,t,t,,t,,t,,t,t,,,t,,,,,,,,
Mr. Dressup.,,,,,,,,,,,t,,,t,,,t,,t,,,,,,
Mr. Snuffleupagus.,t,t,t,,,,,,,,,,,,,,,,,,,,,,
"Mr. Squiggle, the Man from the Moon.",,,,,,,,,,,,t,,,,t,,,,,t,,,,
Muhammad (Peace Be Upon Him).,,,,,,,,,,,,,t,t,t,t,t,t,t,t,t,,t,t,t
Muhammad (Praise Be Unto Him).,t,t,t,t,t,t,t,t,t,t,t,t,,,,,,,,,,,,,
Multiple orgasms.,,,,,,,,,,,,,,,,,,,,,,t,,,
Multiple stab wounds.,t,t,t,t,t,t,t,t,t,t,t,t,t,t,t,t,t,t,t,t,t,t,t,t,t
Murder.,,,,,,,,,,,,,,,,,,t,t,t,t,t,t,t,t
Mutually assured destruction.,,,t,t,t,t,t,,t,,t,t,t,t,,t,t,t,t,t,t,t,t,t,t
Mutually-assured destruction.,t,t,,,,,,t,,t,,,,,t,,,,,,,,,,
Muzzy.,t,t,t,,,,,,,,,,,,,,,,,,,,,,
My abusive boyfriend who really isn't so bad once you get to know him.,,,,,,,,,,,,,,,,,,t,t,t,t,t,t,t,t
My balls on your face.,,,,,,,,,,,,,t,t,t,t,t,t,t,t,t,t,t,t,t
My black ass.,,,,,,,,,t,,t,,t,t,,,t,t,t,,,,t,,
My bright pink fuckhole.,,,,,,,,,,,,,,,,,,t,t,t,t,t,t,t,t
My cheating prick of a husband.,,,,,,,,,,,,,,,,,,,,,t,,,t,
My cheating son-of-a-bitch husband.,,,,,,,,,,,,,,,,,,t,t,t,,t,t,,t
My collection of high-tech sex toys.,t,t,t,t,t,t,t,t,t,t,t,t,t,t,t,t,t,,,,,,,,
My collection of Japanese sex toys.,,,,,,,,,,,,,,,,,,t,t,t,t,t,t,t,t
My ex-wife.,,,,,,,t,t,t,t,t,t,t,t,t,t,t,t,t,t,t,t,t,t,t
My fat daughter.,,,,,,,,,,,,,,,,,,t,t,t,t,t,t,t,t
"My father, who died when I was seven.",,,,,,,,,,,,,,,,,,,,,,t,,,
My first kill.,,,,,,,,,,,,,,,,,,,,,,t,,,
My genitals.,t,t,t,t,t,t,t,t,t,t,t,t,t,t,t,t,t,t,t,t,t,t,t,t,t
My good bra.,,,,,,,,,,,,,,,,,,t,t,t,t,t,t,t,t
My humps.,t,t,t,t,t,t,t,t,t,t,t,t,t,t,t,t,t,,,,,,,,
My inner demons.,,,t,t,t,t,t,t,t,t,t,t,t,t,t,t,t,t,t,t,t,t,t,t,t
My little boner.,,,,,,,,,,,,,,,,,,,,,,,t,t,t
My machete.,,,,,,,,,,,,,,,,,,,,,,t,,,
My mate Dave.,,,,,,,,,,,,,,,,,,,,t,,,,t,
"My neck, my back, my pussy, and my crack.",,,,,,,,,,,,,,,,,,t,t,t,t,t,t,t,t
My relationship status.,t,t,t,t,t,t,t,t,t,t,t,t,t,t,t,t,t,t,t,t,t,t,t,t,t
My sex life.,t,t,t,t,t,t,t,t,t,t,t,t,t,t,t,t,t,t,t,t,t,t,t,t,t
My soul.,t,t,t,t,t,t,t,t,t,t,t,t,t,t,t,t,t,t,t,t,t,t,t,t,t
"My Uber driver, Ajay.",,,,,,,,,,,,,,,,,,,,,,,,t,
"My Uber driver, Pavel.",,,,,,,,,,,,,,,,,,t,t,t,t,,t,,t
My ugly face and bad personality.,,,,,,,,,,,,,,,,,,t,t,t,t,t,t,t,t
My vagina.,,,t,t,t,t,t,t,t,t,t,t,t,t,t,t,t,t,t,t,t,t,t,t,t
Nachos for the table.,,,,,,,,,,,,,,,,,,,,,,,t,,t
Naked News.,,,,,,,,,,,t,,,,,,,,,,,,,,
Natalie Portman.,t,t,t,t,t,t,t,t,t,t,t,t,,,,,,,,,,,,,
Natural male enhancement.,,,t,t,t,t,t,t,t,t,t,t,t,t,t,t,t,t,t,t,t,,t,t,
Natural selection.,t,t,t,t,t,t,t,t,t,t,t,t,t,t,t,t,t,t,t,t,t,t,t,t,t
Nazis.,t,t,t,t,t,t,t,t,t,t,t,t,t,t,t,t,t,t,t,t,t,t,t,t,t
NBA superstar LeBron James.,,,,,,,,,,,,,,,,,,t,t,,t,,t,,t
Necrophilia.,t,t,t,t,t,t,t,t,t,t,t,t,t,t,t,t,t,t,t,t,t,t,t,t,t
New Age music.,t,t,t,t,t,t,t,t,t,t,,t,t,,t,t,,,,,,,,,
Newfies.,,,,,,,,,,,t,,,t,,,t,,t,,,,,,
Nickelback.,,,t,t,t,t,t,t,t,t,t,t,t,t,t,t,t,t,t,t,t,,,,
Nicki Minaj.,,,,,,,,,,,,,,,,,,,,,,,,t,
Nicolas Cage.,,,t,t,t,t,t,t,t,t,t,t,t,t,t,t,t,t,t,t,t,t,t,t,t
Nip slips.,t,t,t,,,,,,,,,,,,,,,,,,,,,,
Nippers.,,,,,,,,,,,,t,,,,t,,,,,t,,,,
Nipple blades.,t,t,t,t,t,t,t,t,t,t,t,t,t,t,t,t,t,t,t,t,t,t,t,t,t
Nocturnal emissions.,t,t,t,t,,,,,,,,,,,,,,,,,,,,,
Not contributing to society in any meaningful way.,,,,,,,,,,,,,,,,,,,,,,t,,,
Not giving a shit about the Third World.,,,t,t,t,t,t,t,t,t,t,t,t,t,t,t,t,t,t,t,t,,t,t,t
Not having sex.,,,,,,,,,,,,,,,,,,,,,,t,,,
Not reciprocating oral sex.,t,t,t,t,t,t,t,t,t,t,t,t,t,t,t,t,t,t,t,t,t,t,t,t,t
Not vaccinating my children because I am stupid.,,,,,,,,,,,,,,,,,,t,t,,t,t,t,,t
Not wearing pants.,,,,,t,t,t,,t,,t,t,t,t,,t,t,t,t,,t,t,t,,t
Not wearing trousers.,,,,,,,,t,,t,,,,,t,,,,,t,,,,t,
Nothing but sand.,,,,,,,,,,,,t,,,,t,,,,,t,,,,
Nothing.,,,,,,,,,,,,,,,,,,,,,,t,,,
Nunchuck moves.,,,,,,,,,,,,,,,,,,,,,,t,,,
Obesity.,t,t,t,t,t,t,t,t,,,,,,,,,,,,,,,,,
Object permanence.,t,t,t,t,t,t,t,t,t,t,t,t,t,t,t,t,t,t,t,t,t,,t,t,t
Oestrogen.,,,,,,,,,,,,t,,,t,t,,,t,t,t,,,t,
Old-people smell.,t,t,t,t,t,t,t,t,t,t,t,t,t,t,t,t,t,t,t,t,t,t,t,t,t
Ominous background music.,,,,,,,,,,,,,,,,,,,,,,t,,,
"One Direction's supple, hairless bodies.",,,,,,,,t,,t,,,,,t,,,,,,,,,,
One Ring to rule them all.,,,,,,,,,,,,,,,,,,,,,,t,,,
One titty hanging out.,,,,,,,,,,,,,,,,,,t,t,t,t,t,t,t,t
One trillion dollars.,,,,,t,t,t,t,t,t,t,t,t,t,t,t,t,t,t,t,t,t,t,t,t
Only dating Asian women.,,,,,,,,,,,,,,,,,,t,t,t,t,,t,t,t
Oompa-Loompas.,t,t,t,t,t,t,t,t,t,t,t,t,t,t,t,t,t,t,t,t,t,t,t,t,t
Opposable thumbs.,t,t,t,t,t,t,t,t,t,t,t,t,t,t,t,t,t,t,t,t,t,,t,t,t
Oprah.,,,,,,,,,,,,,,,,,,t,,,,t,t,,t
Our first chimpanzee President.,,,,,,,,,t,,,,t,,,,,,,,,,,,
Our first chimpanzee Prime Minister.,,,,,,,,,,,,,,,,,,,,,,t,,,
Overcompensation.,t,t,t,t,t,t,t,t,t,t,t,t,t,t,t,t,t,,,,,,,,
Overpowering your father.,,,,,,,,,,,,,,,,,,,,,,t,,,
Oversized lollipops.,t,t,t,t,t,,,,,,,,,,,,,,,,,,,,
Owning and operating a Chili's franchise.,,,,,,,,,,,,,,,,,,,,,,,t,,t
Pabst Blue Ribbon.,t,t,t,t,t,t,t,,,,,,,,,,,,,,,,,,
Pac-Man uncontrollably guzzling cum.,t,t,t,t,t,t,t,t,t,t,t,t,t,t,t,t,t,t,t,t,t,t,t,t,t
Paedophiles.,,,,,,,,t,,t,,t,,,t,t,,,,t,t,,,t,
Panda sex.,t,t,t,t,t,t,t,t,t,t,t,t,t,t,t,t,t,,,,,t,,,
Paris Hilton.,t,t,t,,,,,,,,,,,,,,,,,,,,,,
Parting the Red Sea.,t,t,t,t,t,t,t,t,,,,,,,,,,,,,,,,,
Party poopers.,t,t,t,t,,,,,,,,,,,,,,,,,,,,,
Passable transvestites.,t,t,t,t,t,t,t,t,,,,,,,,,,,,,,,,,
Passing a kidney stone.,t,t,t,t,t,t,t,t,,,,,,,,,,,,,,,,,
Passive-aggression.,t,t,t,,,,,,,,,,,,,,,,,,,,,,
Passive-aggressive Post-it notes.,,,,t,t,t,t,t,t,t,t,t,t,t,t,t,t,t,t,t,t,t,t,t,t
Pauline Hanson.,,,,,,,,,,,,,,,,,,,,,t,,,,
PCP.,t,t,t,,,,,,,,,,,,,,,,,,,,,,
Peanut Butter Jelly Time.,t,t,t,,,,,,,,,,,,,,,,,,,,,,
Pedophiles.,t,t,t,t,t,t,t,,t,,t,,t,t,,,t,t,t,,,,t,,t
Peeing a little bit.,t,t,t,t,t,t,t,t,t,t,t,t,t,t,t,t,t,t,t,t,t,t,t,t,t
Penis breath.,,,,,,,,,t,t,t,t,t,t,t,t,t,t,t,t,t,t,t,t,t
Penis envy.,t,t,t,t,t,t,t,t,t,t,t,t,t,t,t,t,t,t,t,t,t,t,t,t,t
People who smell their own socks.,t,t,t,,,,,,,,,,,,,,,,,,,,,,
Perfunctory foreplay.,,,,,,,,t,,t,,t,,,t,t,,,,t,t,,,,
Permanent Orgasm-Face Disorder.,,,,,,,,,,,,,t,t,t,t,t,t,t,t,t,t,t,t,t
Picking up girls at the abortion clinic.,t,t,t,t,t,t,t,t,,,,,,,,,,,,,,,,,
Pictures of boobs.,t,t,t,t,t,t,t,t,t,t,t,t,t,t,t,t,t,t,t,t,t,t,t,t,t
Pikies.,,,,,,,,,,,,,,,,,,,,t,,,,,
Pingers.,,,,,,,,,,,,,,,,,,,,,t,,,,
Pixelated bukkake.,t,t,t,t,t,t,t,t,t,t,t,t,t,t,t,t,t,t,t,t,t,t,t,t,t
Playing silly buggers.,,,,,,,,,,,,t,,,,,,,,,,,,,
Police brutality.,t,t,t,t,t,t,t,t,t,t,t,t,t,t,t,t,t,t,t,t,t,t,t,t,t
Polish People.,,,,,,,,,,,,,,,,,,,,t,,,,t,
Pooping back and forth. Forever.,t,t,t,t,t,t,t,t,t,t,t,t,t,t,t,t,t,t,t,t,t,t,t,t,t
Pooping in a laptop and closing it.,,,,,,,,,,,,,t,t,t,t,t,t,t,t,t,t,t,t,t
Pooping in the soup.,t,t,t,,,,,,,,,,,,,,,,,,,,,,
Poopy diapers.,,,,,t,t,t,,t,,t,,t,t,,,t,t,t,,,t,t,,t
Poor life choices.,,,t,t,t,t,t,t,t,t,t,t,t,t,t,t,t,t,t,t,t,t,t,t,t
Poor people.,t,t,t,t,t,t,t,t,t,t,t,t,t,t,t,t,t,t,t,t,t,t,t,t,t
Poorly-timed Holocaust jokes.,t,t,t,t,t,t,t,t,t,t,t,t,t,t,t,t,t,t,t,t,t,t,t,t,
Popped collars.,t,t,t,,,,,,,,,,,,,,,,,,,,,,
Porn stars.,,,t,t,t,t,t,t,,,,,,,,,,,,,,,,,
Poutine.,,,,,,,,,,,t,,,,,,,,,,,,,,
Poverty.,,,,,,,,,,,,,t,t,t,t,t,t,t,t,t,t,t,t,t
Power.,,,,,,,,,,,,,,,,,,,,,,t,,,
Powerful thighs.,t,t,t,t,t,t,t,t,t,t,t,t,t,t,t,t,t,t,t,t,t,t,t,t,t
Prancing.,t,t,t,t,t,t,t,t,t,t,t,t,,,,,,,,,,,,,
Praying the gay away.,t,t,t,t,t,t,t,t,t,t,t,t,t,t,t,t,t,,,,,,,,
Prescription pain killers.,,,,,,,,,,,,,,,,,,t,t,,,,t,,t
Preteens.,t,t,t,t,t,t,t,t,t,t,t,t,t,t,t,t,t,t,t,t,t,t,t,t,t
Pretending to care.,,,t,t,t,t,t,t,t,t,t,t,t,t,t,t,t,t,t,t,t,t,t,t,t
Profound respect and appreciation for indigenous culture.,,,,,,,,,,,,t,,,,t,,,,,t,,,,
Pronouncing the names of northern Welsh towns.,,,,,,,,t,,t,,,,,t,,,,,,,,,,
Prosti-tots.,t,t,t,,,,,,,,,,,,,,,,,,,,,,
Pterodactyl eggs.,t,t,t,t,t,,,,,,,,,,,,,,,,,,,,
PTSD.,,,,,,,,,,,,,,,,,,t,t,t,t,t,t,t,t
Puberty.,t,t,t,t,t,t,t,t,t,t,t,t,t,t,t,t,t,t,t,t,t,t,t,t,t
Public ridicule.,,,t,t,t,t,t,t,t,t,t,t,,,,,,,,,,,,,
Pulling out.,t,t,t,t,t,t,t,t,t,t,t,t,t,t,t,t,t,t,t,t,t,t,t,t,t
Pumping out a baby every nine months.,,,,,,,,,,,,,,,,,,,,,,t,,,
Punching a congressman in the face.,,,,,,,,,,,,,t,,,,,t,,,,,t,,t
Punching an MP in the face.,,,,,,,,,,,,,,t,,t,t,,t,,t,,,,
Puppies!,t,t,t,t,t,t,t,t,t,t,t,t,t,t,t,t,t,t,t,t,t,t,t,t,t
Pussy Galore.,,,,,,,,t,,,,,,,,,,,,,,,,,
Putting things where they go.,,,,,,,,,,,,,,,,,,,,,,,t,t,t
Queefing.,t,t,t,t,t,t,t,,t,,t,t,t,t,,t,t,t,t,,t,,t,,t
Queen Elizabeth's immaculate anus.,,,,,,,,t,,t,,t,,,t,t,,,,t,t,,,t,
Queuing.,,,,,,,,,,,,,,,,,,,,t,,,,t,
Racially-biased SAT questions.,t,t,t,t,t,t,t,,t,,,,t,,,,,t,,,,,t,,t
Racism.,t,t,t,t,t,t,t,t,t,t,t,,t,t,t,,t,t,t,t,,t,t,t,t
Radical Islamic terrorism.,,,,,,,,,,,,,,,,,,t,t,t,t,,t,t,t
Rap music.,,,,,,,,,,,,,t,t,,,t,t,t,,,,t,,t
Raping and pillaging.,,,t,t,t,,,,,,,,,,,,,,,,,,,,
Raptor attacks.,t,t,t,t,t,t,t,t,t,t,t,t,t,t,t,t,t,t,t,t,t,t,t,t,t
Re-gifting.,t,t,t,t,,,,,,,,,,,,,,,,,,,,,
Rectangles.,,,,,,,,,,,,,,,,,,,,,,,t,t,t
Rehab.,,,t,,t,t,,t,,,,,,,,,,,,,,,,,
Repression.,t,t,t,t,t,t,t,t,t,t,t,t,t,t,t,t,t,t,t,t,t,t,t,t,t
Republicans.,t,t,t,t,t,t,t,,t,,t,,t,t,,,t,t,t,,,,t,,t
Reverse cowgirl.,,,,,,,,,,,,,,,,,,,,,,t,,,
Rich people.,,,,,,,,,,,,,,,,,,,,,,t,,,
Riding off into the sunset.,t,t,t,t,t,t,t,t,t,t,,t,,,,,,,,,,,,,
Ring Pops.,t,,,,,,,,,,,,,,,,,,,,,,,,
Ring Pops™.,,t,t,,,,,,,,,,,,,,,,,,,,,,
Rip Torn dropkicking anti-Semitic lesbians.,t,t,t,,,,,,,,,,,,,,,,,,,,,,
Ripping off the Beatles.,,,,,,,,t,,t,,,,,,,,,,,,,,,
Ripping open a man’s chest and pulling out his still-beating heart.,,,,,,,,,,,,,,,,,,,,,,t,,,
Rising from the grave.,,,,,,,,,,,,,,,,,,,,,,t,,,
Road head.,t,t,t,t,t,t,t,,t,,t,t,t,t,,t,t,,,,,,,,
Rob Ford.,,,,,,,,,,,t,,,t,,,t,,,,,,,,
Robbing a sperm bank.,t,t,t,,,,,,,,,,,,,,,,,,,,,,
Robert Downey Jr.,,,t,t,t,t,t,,t,,t,,t,,,,,,,,,t,,,
"Robert Downey, Jr.",t,t,,,,,,,,,,t,,t,,t,t,,,,,,,,
RoboCop.,t,t,t,t,t,t,t,t,t,t,t,t,t,t,t,t,t,t,t,t,t,t,t,t,t
Rohypnol.,,,,,,,,t,,,,,,,,,,,,,,,,,
Ronald Reagan.,t,t,t,t,t,t,t,,t,,,,t,,,,,t,,,,,t,,t
Roofies.,,,t,t,t,t,t,,,,,,,,,,,,,,,,,,
Rubbing Boris Johnson's belly until he falls asleep.,,,,,,,,t,,t,,,,,t,,,,,t,,,,,
"Running naked through a mall, pissing and shitting everywhere.",,,,,,,,,,,,,,,,,,,,,,t,,,
Running out of semen.,,,,,,,,,t,t,t,t,t,t,t,t,t,t,t,t,t,t,t,t,t
Rupert Murdoch.,,,,,,,,,,,,t,,,,t,,,,,t,,,,
"Rush Limbaugh's soft, shitty body.",,,,,t,t,t,,t,,,,t,,,,,,,,,,,,
Ruth Bader Ginsburg brutally gaveling your penis.,,,,,,,,,,,,,,,,,,t,,,,,t,,
Ryan Gosling riding in on a white horse.,,,,,,,,,,,,,,,,,,,,,,t,,,
Ryanair.,,,,,,,,,,,,,,,,,,,,,,,,t,
Same-sex ice dancing.,t,t,t,t,t,t,t,t,t,t,t,t,,,,,,,,,,,,,
Samuel L. Jackson.,,,,,,,,,,,,,,,,,,,,,,t,,,
Santa Claus.,,,,,,,,,,,,,,,,,,,,,,t,,,
Sarah Palin.,t,t,t,t,t,t,,,,,,,,,,,,,,,,,,,
Saxophone solos.,t,t,t,t,t,t,t,,,,,,,,,,,,,,,,,,
"Saying ""I love you.""",,,,,,,,,t,t,t,t,t,t,t,t,t,t,t,t,t,t,t,t,t
Scalping the Milkybar Kid.,,,,,,,,t,,t,,t,,,t,t,,,,,,,,,
Scalping.,t,t,t,t,t,t,t,,,,,,,,,,,,,,,,,,
Schmirler the Curler.,,,,,,,,,,,t,,,,,,,,,,,,,,
Science.,t,t,t,t,t,t,t,t,t,t,t,t,t,t,t,t,t,t,t,t,t,t,t,t,t
Scientology.,t,t,t,t,t,t,t,t,t,t,t,t,t,t,t,t,t,t,t,t,t,t,,,
Scottish independence.,,,,,,,,,,,,,,,,,,,,,,,,t,
Scousers.,,,,,,,,t,,t,,,,,t,,,,,t,,,,t,
Screaming like a maniac.,,,,,,,,,,,,,,,,,,,,,,t,,,
Scrotum tickling.,,,,,,,,,,,,,,,,,,,,,,t,,,
Scrubbing under the folds.,t,t,t,t,t,t,t,t,,,,,,,,,,,,,,,,,
Sean Connery.,t,t,t,t,t,t,t,t,t,t,t,t,t,t,t,t,t,,,,,,,,
Sean Penn.,t,t,t,t,t,t,t,t,t,t,t,t,t,t,t,t,t,,,,,,,,
Seduction.,t,t,t,t,t,,,,,,,,,,,,,,,,,,,,
Seeing Grandma naked.,,,,,,,,,t,,t,t,t,t,,t,t,t,t,,t,t,t,,t
Seeing Granny naked.,,,,,,,,,,t,,,,,t,,,,,t,,,,t,
Seeing my father cry.,,,,,,,,,,,,,,,,,,t,t,t,t,t,t,t,t
Seeing what happens when you lock people in a room with hungry seagulls.,,,,,,,,,,,,,,,,,,t,t,t,t,t,t,t,t
Seething with quiet resentment.,,,,,,,,,,,,,t,t,t,t,t,t,t,t,t,,t,t,t
Self-flagellation.,,,,,,,,,,,,,,,,,,,,,,t,,,
Self-loathing.,t,t,t,t,t,t,t,t,t,t,t,t,t,t,t,t,t,t,t,t,t,t,t,t,t
Selling crack to children.,,,,,,,,,,,,,t,t,,,t,t,t,t,,t,t,t,t
Selling ice to children.,,,,,,,,,,,,,,,,t,,,,,t,,,,
Seppuku.,t,t,t,t,t,t,t,t,t,t,t,t,t,t,t,t,t,t,t,t,t,,t,t,t
Serfdom.,t,t,t,t,t,t,t,t,t,t,t,t,t,t,t,t,t,t,t,t,t,,t,t,t
Seven dead and three in critical condition.,,,,,,,,,,,,,,,,,,t,t,t,t,,t,t,t
Sex with animals.,,,,,,,,,,,,,,,,,,t,t,t,t,t,t,t,t
Sex with Patrick Stewart.,,,,,,,,,t,t,t,t,t,t,t,t,t,t,t,t,t,,t,t,t
Sexting.,,,t,t,t,t,t,t,,,,,,,,,,,,,,,,,
Sexual humiliation.,,,,,,,,,,,,,,,,,,,,,,t,,,
Sexual peeing.,,,,,,,,,t,t,t,t,t,t,t,t,t,t,t,t,t,t,t,t,
Sexual tension.,t,t,t,t,t,t,t,t,t,t,t,t,t,t,t,t,t,t,t,t,t,t,t,t,t
Sexy pillow fights.,t,t,t,t,t,t,t,t,t,t,t,t,t,t,t,t,t,,,,,t,,,
Shaking a baby until it stops crying.,,,,,,,,,,,,,,,,,,t,t,t,t,t,,,
Shapeshifters.,,,t,t,t,t,t,t,t,t,t,t,t,t,t,t,t,t,t,t,t,t,t,t,
Shaquille O'Neal's acting career.,t,t,t,t,t,t,t,,t,,t,,t,t,,,t,,,,,,,,
Sharing needles.,,,t,t,t,t,t,t,,,,,,,,,,,,,,,,,
Shiny objects.,,,,,t,t,t,t,t,t,t,t,t,t,t,t,t,t,t,t,t,t,t,t,t
Shipping convicts to Australia.,,,,,,,,t,,,,,,,,,,,,,,,,,
Shitting out a perfect Cumberland sausage.,,,,,,,,t,,t,,,,,t,,,,,t,,,,t,
Shitting out a screaming face.,,,,,,,,,,,,,,,,,,,,,,t,,,
Shorties and blunts.,t,t,t,,,,,,,,,,,,,,,,,,,,,,
Showing up to an orgy for the food.,t,t,t,,,,,,,,,,,,,,,,,,,,,,
Shutting the fuck up.,,,,,,,,,,,,,,,,,,,,,,t,,,
Shutting up so I can watch the game.,,,,,,,,,,,,,,,,,,t,t,,t,,t,,t
Shutting up so I can watch the match.,,,,,,,,,,,,,,,,,,,,t,,,,t,
Sideboob.,,,,,,,,,,,,,,,,,,t,t,t,t,,t,t,t
Silence.,,,,,t,t,t,t,t,t,t,t,t,t,t,t,t,t,t,t,t,t,t,t,t
Sipping artificial popcorn butter.,t,t,t,,,,,,,,,,,,,,,,,,,,,,
Sitting in a jar of vinegar all night because I am gherkin.,,,,,,,,,,,,,,,,,,,,,,,,t,
Sitting on my face and telling me I'm garbage.,,,,,,,,,,,,,,,,,,t,t,,,t,t,,t
Sitting on my face.,,,,,,,,,,,,,,,,,,,,t,,,,t,
Sitting on my face.,,,,,,,,,,,,,,,,,,,,,t,,,,
Skeletor.,t,t,t,t,t,t,t,,t,,t,t,t,t,,t,t,,,,,,,,
Skippy the Bush Kangaroo.,,,,,,,,,,,,t,,,,t,,,,,t,,,,
Slapping a biscuit out of an orphan's mouth.,,,,,,,,t,,t,,,,,t,,,,,,,,,,
Slapping a racist old lady.,,,,,,,,,,,,,,,,,,,,,,t,,,
Slapping Nigel Farage over and over.,,,,,,,,,,,,,,,,,,,,t,,,,t,
Slapping your knees to signal your imminent departure.,,,,,,,,,,,,,,,,,,,,,,,,t,
Slaughtering innocent civilians.,,,,,,,,,,,,,,,,,,t,t,t,t,t,t,t,t
Slavs.,,,,,,,,,,,,,,,,,,,,,,t,,,
Smallpox blankets.,t,t,t,t,t,t,t,,t,,t,,t,t,,,t,t,t,,,,t,,t
Smegma.,t,t,t,t,t,t,t,t,t,t,t,t,t,t,t,t,t,t,t,t,t,,t,t,t
"Sneezing, farting, and cumming at the same time.",,,,,,,,,,,,,,,,,,,,,,t,,,
Sniffing and kissing my feet.,,,,,,,,,,,,,,,,,,,,,,,t,t,t
Sniffing glue.,t,t,t,t,t,t,t,t,t,t,t,t,t,t,t,t,t,,,t,t,t,,t,
Snotsicles.,,,,,,,,,,,t,,,,,,,,,,,,,,
Sobbing into a Hungry-Man™ Frozen Dinner.,,,t,,,,,,,,,,,,,,,,,,,,,,
"Soft, kissy missionary sex.",,,,,,,,,,,,,,,,,,t,t,t,t,t,t,t,t
Soiling oneself.,t,t,t,t,,,,,,,,,,,,,,,,,,,,,
Solving problems with violence.,,,,,,,,,,,,,t,t,t,t,t,t,t,t,t,t,t,t,t
Somali pirates.,,,,,,,,,,,,,,,,,,,,t,,,,t,
Some bloody peace and quiet.,,,,,,,,t,,t,,t,,,t,t,,,,t,t,,,t,
Some douche with an acoustic guitar.,,,,,,,,,,,,,,,,,,,,,,t,,,
"Some foundation, mascara, and a touch of blush.",,,,,,,,,,,,,,,,,,,,,,,t,t,t
Some god damn peace and quiet.,,,,,,t,t,,t,,t,,t,t,,,t,t,t,,,,t,,t
Some guy.,,,,,,,,,,,,,,,,,,t,t,t,t,,t,t,t
Some kind of bird man.,,,,,,,,,,,,,,,,,,,,,,t,,,
Some of the best rappers in the game.,,,,,,,,,,,,,,,,,,t,t,,,,t,,t
Some punk kid who stole my turkey sandwich.,,,,,,,,,,,,,,,,,,t,t,,,,t,,t
Some really fucked-up shit.,,,,,,,,,,,,,,,,,,,,,,t,,,
"Sorry, this content cannot be viewed in your region.",,,,,,,,,,,,t,,,,t,,,,,t,,,,
Soup that is too hot.,,,t,t,t,t,t,t,t,t,t,t,t,t,t,t,t,t,t,t,t,t,t,t,t
Spaghetti? Again?,,,,,,,,,,,,,,,,,,t,t,t,t,t,t,t,t
Spaniards.,,,,,,,,t,,t,,,,,t,,,,,t,,,,t,
Spectacular abs.,t,t,t,t,t,t,t,t,t,t,t,t,t,t,t,t,t,t,t,t,t,t,t,t,t
Spending lots of money.,,,,,,,,,,,,,,,,,,,,,,t,,,
Sperm whales.,t,t,t,t,t,t,t,t,t,t,t,t,t,t,t,t,t,t,t,t,t,t,t,t,t
Spirit Airlines.,,,,,,,,,,,,,,,,,,,,,,,t,,t
Spontaneous human combustion.,t,t,t,t,t,t,t,t,t,t,t,t,t,t,t,t,t,t,t,t,t,t,t,t,t
Stalin.,,,,,t,t,t,t,t,t,t,t,t,t,t,t,t,t,t,t,t,t,t,t,t
"Staring at a painting and going ""hmmmmmmm...""",,,,,,,,,,,,,,,,,,,,,,t,,,
Stephen Harper.,,,,,,,,,,,t,,,t,,,t,,,,,,,,
Stephen Hawking talking dirty.,t,t,t,t,t,t,t,t,t,t,t,t,t,t,t,t,t,t,t,t,t,t,,,
Steve Bannon.,,,,,,,,,,,,,,,,,,t,,,,,,,
Steve Irwin.,t,t,t,,,,,,,,,t,,,,t,,,,,t,,,,
Stifling a giggle at the mention of Hutus and Tutsis.,t,t,t,t,,,,,,,,,,,,,,,,,,,,,
Still being a virgin.,,,,,,,,,,,,,t,t,t,t,t,t,t,t,t,t,t,t,t
Stockholm Syndrome.,,,,,,,,,,,,,,,,,,,,,,t,,,
Stormtroopers.,,,,,t,t,t,t,,,,,,,,,,,,,,,,,
Stranger danger.,t,t,t,t,t,t,t,t,,,,,,,,,,,,,,,,,
Strong female characters.,,,,,,,t,t,t,t,t,t,t,t,t,t,t,t,t,t,t,t,t,t,t
Stunt doubles.,,,t,,,,,,,,,,,,,,,,,,,,,,
Substitute teachers.,t,t,t,,,,,,,,,,,,,,,,,,,,,,
Sucking some dicks to not get drafted.,t,t,t,,,,,,,,,,,,,,,,,,,,,,
Sudden Poop Explosion Disease.,,,,,,,,,,,,,,,,,,,,,,t,,,
Suicidal thoughts.,,,,,,,,,,,,,,,,,,,,,,t,,,
Summoning Harold Holt from the sea in a time of great need.,,,,,,,,,,,,t,,,,t,,,,,t,,,,
Sunshine and rainbows.,t,t,t,t,t,t,t,t,t,t,t,t,t,t,t,t,t,t,t,t,t,t,t,t,t
Surprise sex!,t,t,t,t,t,t,t,t,t,t,t,t,t,t,t,t,t,,,,,,,,
Swag.,,,,,,,t,t,,,,,,,,,,,,,,,,,
"Sweet, sweet vengeance.",t,t,t,t,t,t,t,t,t,t,t,t,t,t,t,t,t,t,t,t,t,t,t,t,t
Switching to Geico®.,,,t,t,t,t,t,,t,,t,,t,t,,,t,t,t,,,,t,,t
Swooping.,t,t,t,t,t,t,t,t,t,t,t,t,t,t,t,t,t,t,t,t,t,,t,t,t
Synergistic management solutions.,,,,,t,t,t,t,t,t,t,t,t,t,t,t,t,t,t,t,t,,t,t,
Syrupy sex with a maple tree.,,,,,,,,,,,t,,,t,,,t,,t,,,,,,
Take-backsies.,t,t,t,,t,t,t,t,t,t,t,t,,,,,,,,,,,,,
Taking a man's eyes and balls out and putting his eyes where his balls go and then his balls in the eye holes.,,,,,,,,,,,,,,,,,,,,,,t,,,
Taking a sheep-wife.,,,,,,,,,,,,t,,,,t,,,,,t,,,,
Taking off your shirt.,t,t,t,t,t,t,t,t,t,t,t,t,t,t,t,t,t,,,,,,,,
Tangled Slinkys.,t,t,t,t,t,t,t,t,,,,,,,,,,,,,,,,,
Tap dancing like there's no tomorrow.,,,,,,,,,,,,,t,t,t,t,t,t,t,t,t,,t,t,t
Tasteful sideboob.,t,t,t,t,t,t,t,t,t,t,t,t,t,t,t,t,t,,,,,,,,
Teaching a robot to love.,t,t,t,t,t,t,t,t,t,t,t,t,t,t,t,t,t,t,t,t,t,t,t,t,t
Team building exercises.,t,,,,,,,,,,,,,,,,,,,,,,,,
Team-building exercises.,,t,t,t,,,,,,,,,,,,,,,,,,,,,
Tearing that ass up like wrapping paper on Christmas morning.,,,,,,,,,,,,,,,,,,t,t,,t,,t,,t
Teenage pregnancy.,,,t,t,t,t,t,t,t,t,t,t,t,t,t,t,t,t,t,t,t,t,t,t,t
Telling a shitty story that goes nowhere.,,,,,,,,,,,,,,,,,,t,t,t,t,t,t,t,t
Tentacle porn.,t,t,t,t,t,t,t,t,t,t,t,t,t,t,t,t,t,t,t,t,t,t,t,t,t
Terrorists.,,,,,,,,,,,,,,,,,,,,,,t,,,
Terry Fox's prosthetic leg.,,,,,,,,,,,t,,,t,,,t,,t,,,,,,
Testicular torsion.,t,t,t,t,t,t,t,t,t,t,t,t,t,t,t,t,t,,,,,,,,
That ass.,,,,,,,,,,,,,,,,,,,,,,t,,,
That one gay Teletubby.,t,t,t,,,,,,,,,,,,,,,,,,,,,,
That thing that electrocutes your abs.,t,t,t,t,t,t,t,t,,,,,,,,,,,,,,,,,
The American Dream.,,,t,t,t,t,t,t,t,t,,,t,,t,,,t,,t,,t,t,t,t
The Amish.,t,t,t,t,t,t,t,,t,,t,,t,t,,,t,t,t,,,,t,,t
The arrival of the pizza.,,,,,,,,,,,,,,,,,,t,t,t,t,t,t,t,t
The art of seduction.,,,,,,t,t,t,t,t,t,t,,,,,,,,,,,,,
The baby that ruined my pussy.,,,,,,,,,,,,,,,,,,,,,,t,,,
The Bachelorette season finale.,,,,,,,,,,,,,,,,,,t,t,,t,,t,,t
The bastard seagull who stole my chips.,,,,,,,,,,,,,,,,,,,,,,,,t,
The Big Bang.,t,t,t,t,t,t,t,t,t,t,t,t,t,t,t,t,t,t,t,t,t,t,t,t,t
The big fucking hole in the ozone layer.,,,,,,,,,,,,t,,,,t,,,,,t,,,,
The Black Death.,,,,,,,,t,,t,,,,,t,,,,,t,,t,,t,
The Blood of Christ.,t,t,t,t,t,t,t,t,t,t,t,t,t,t,t,t,t,t,t,t,t,t,t,t,t
The bloody Welsh.,,,,,,,,t,,t,,,,,t,,,,,t,,,,,
The BNP.,,,,,,,,t,,t,,,,,t,,,,,,,,,,
The bombing of Nagasaki.,,,,,,,,,,,,,,,,,,t,t,t,t,t,t,t,t
The boners of the elderly.,,,,,,,,,,,,,,,,,,,,,,t,,,
The Boy Scouts of America.,,,,,t,t,t,,t,,t,,t,t,,,t,t,t,,,,t,,t
The bush.,,,,,,,,,,,,t,,,,t,,,,,t,,,,
The Care Bear Stare.,,,t,t,t,t,t,,t,,t,t,t,t,,t,t,,,,,,,,
The Chinese gymnastics team.,t,t,t,t,t,t,t,t,t,t,t,t,t,t,t,t,t,,,,,,,,
The chronic.,,,t,t,t,t,t,,t,,t,t,,,,,,,,,,,,,
The clitoris.,t,t,t,t,t,t,t,t,t,t,t,t,t,t,t,t,t,t,t,t,t,t,t,t,t
"The cool, refreshing taste of Coca-Cola®.",,,,,,,,,,,,t,,,,t,,,,,t,,,,
"The cool, refreshing taste of Pepsi.",,,,,,,,t,,t,,,,,t,,,,,,,,,,
"The cool, refreshing taste of Pepsi®.",,,,,,,,,t,,t,,t,t,,,t,t,t,t,,t,t,t,t
"The crazy, ball-slapping sex your parents are having right now.",,,,,,,,,,,,,,,,,,,,,,t,,,
The Daily Mail.,,,,,,,,,,,,,,,,,,,,t,,,,t,
The Dalai Lama.,,,,,,,,,,,,,,,,,,,,,,t,,,
The Dance of the Sugar Plum Fairy.,t,t,t,t,t,t,t,t,,,,,,,,,,,,,,,,,
The deformed.,,,t,,,,,,,,,,,,,,,,,,,,,,
The Devil Himself.,,,,,t,t,t,t,t,t,t,t,t,t,t,t,t,t,t,t,t,t,t,t,t
The Donald Trump Seal of Approval.™,,,t,t,,,,,,,,,,,,,,,,,,,,,
The drama club.,t,t,t,,,,,,,,,,,,,,,,,,,,,,
The economy.,,,,,,,,,,,,,,,,,,,,,,t,,,
The EDL.,,,,,,,,,,,,,,,,,,,,t,,,,,
The end of days.,,,,,,,,t,,t,,t,,,t,t,,,,t,t,,,t,
The entire cast of Downton Abbey.,,,,,,,,t,,t,,,,,t,,,,,,,,,,
The entire Internet.,,,,,,,,,,,,,,,,,,,,,,t,,,
The entire Mormon Tabernacle Choir.,,,,,t,t,t,,t,,t,,t,t,,,t,t,t,,,,t,,t
The female orgasm.,,,,,t,t,t,t,t,t,t,t,t,t,t,t,t,t,t,t,t,,t,t,t
The FLQ.,,,,,,,,,,,t,,,,,,,,,,,,,,
The flute.,,,,,,,,,,,,,,,,,,,,,,t,,,
The folly of man.,t,t,t,t,t,t,t,t,t,t,t,t,,,,,,,,,,,,,
The forbidden fruit.,t,t,t,t,,,,,,,,,,,,,,,,,,,,,
The Force.,t,t,t,t,t,t,t,t,t,t,t,t,t,t,t,t,t,t,t,t,t,t,t,t,t
The French.,,,,,,,,t,,t,,,,,t,,,,,t,,,,t,
The gays.,t,t,t,t,t,t,t,t,t,t,t,t,t,t,t,t,t,t,t,t,t,t,t,t,t
The glass ceiling.,t,t,t,t,t,t,t,t,t,t,t,t,t,t,t,t,t,t,t,t,t,,t,t,t
The Great Depression.,,,,,,t,t,t,t,t,t,t,t,t,t,t,t,t,t,t,t,,t,t,t
The Great Emu War.,,,,,,,,,,,,t,,,,t,,,,,t,,,,
The Gulags.,,,,,,,,,,,,,,,,,,,,,,t,,,
The guys from Queer Eye.,,,,,,,,,,,,,,,,,,,,,,,t,,t
The guys from Queer Eye.,,,,,,,,,,,,,,,,,,,,,,,,t,
The Hamburglar.,t,t,t,t,t,t,t,,t,,t,,t,t,,,t,t,t,,,,t,,t
The hardworking Mexican.,t,t,t,t,t,t,t,,t,,t,,t,t,,,t,,,,,,,,
The heart of a child.,t,t,t,t,t,t,t,t,t,t,t,t,t,t,t,t,t,t,t,t,t,t,t,t,t
The Hemsworth brothers.,,,,,,,,,,,,,,,,,,,,,t,,,,
The hiccups.,,,,,,,,,,,,,,,,,,,,,,t,,,
The Hillsborough Disaster.,,,,,,,,t,,t,,,,,t,,,,,t,,,,,
The Holy Bible.,t,t,t,t,t,t,t,t,t,t,t,t,t,t,t,t,t,t,t,t,t,t,t,t,t
The homosexual agenda.,t,t,t,t,,t,t,t,t,t,t,t,t,t,t,t,t,t,t,t,t,,t,t,t
The homosexual lifestyle.,,,,,t,,,,,,,,,,,,,,,,,,,,
The Honey Monster.,,,,,,,,t,,t,,,,,t,,,,,,,,,,
The human body.,,,,,,,,,,,,,,,,,,,,,,t,,,
The Hustle.,t,t,t,t,t,t,t,,t,,t,t,t,t,,t,t,t,t,,,,t,,t
The illusion of choice in a late-stage capitalist society.,,,,,,,,,,,,,,,,,,,,,,,t,t,t
The inevitable heat death of the universe.,,,t,t,t,t,t,t,t,t,t,t,t,t,t,t,t,t,t,t,t,t,t,t,t
The invisible hand.,,,t,t,t,t,t,,t,,t,t,t,t,,t,t,,,,,,,,
The Jews.,t,t,t,t,t,t,t,t,t,t,t,t,t,t,t,t,t,t,t,t,t,t,t,t,t
The KKK.,t,t,t,t,t,t,t,t,t,t,t,,t,t,t,,t,t,t,t,,,t,t,t
The Kool-Aid Man.,t,t,t,t,t,t,t,,t,,t,,t,t,,,t,t,t,,,,t,,t
The land of chocolate.,,,,,,,,,,,,,,,,,,,,,,t,,,
The light of a billion suns.,,,,,,t,t,t,t,t,t,t,,,,,,,,,,,,,
The Little Engine That Could.,,,,t,t,t,t,,t,,t,t,t,t,,t,t,,,,,,,,
The magic of live theatre.,,,,,,,,,,,,,,,,,,t,t,t,t,,t,t,t
The Make-A-Wish Foundation.,t,,,,,,,,,,,,,,,,,,,,,,,,
The Make-A-Wish® Foundation.,,t,t,t,t,t,t,,t,,t,t,t,t,,t,t,,,,,,,,
The milk man.,t,t,t,t,t,t,t,t,t,t,t,t,,,t,,,,,,,,,,
The milkman.,,,,,,,,,,,,,t,t,,t,t,t,t,t,t,t,t,t,t
The miracle of childbirth.,,,t,t,t,t,t,t,t,t,t,t,t,t,t,t,t,t,t,t,t,t,t,t,t
The morbidly obese.,,,,,,,,,t,t,t,t,t,t,t,t,t,,,,,,,,
The North.,,,,,,,,t,,t,,,,,t,,,,,t,,,,t,
The Official Languages Act. La Loi sur les langues officielles.,,,,,,,,,,,t,,,t,,,t,,t,,,,,,
The only gay person in a hundred kilometers.,,,,,,,,,,,,,,,,,,,,,t,t,,,
The only gay person in a hundred miles.,,,,,,,,,,,,,,,,,,t,t,t,,,t,t,t
The opioid epidemic.,,,,,,,,,,,,,,,,,,,,,,,t,,t
The past.,,,,,,,,,,,,,,,,,,t,t,t,t,t,t,t,t
The Patriarchy.,,,,,,,,,t,,t,t,t,t,,t,t,t,t,t,t,t,t,t,t
"The penny whistle solo from ""My Heart Will Go On.""",,,,,t,t,t,,t,,t,t,t,t,,t,t,t,t,t,t,,t,t,t
The People's Elbow.,t,t,t,,,,,,,,,,,,,,,,,,,,,,
The petty troubles of the aristrocracy.,,,,,,,,,,,,,,,,,,,,,,,,t,
The petty troubles of the landed gentry.,,,,,,,,t,,t,,,,,t,,,,,t,,,,,
The pirate's life.,,,,,,,,,t,t,t,t,t,t,t,t,t,,,,,t,,,
The placenta.,t,t,t,t,t,t,t,t,t,t,t,t,t,t,t,t,t,t,t,t,t,t,t,t,t
The plot of a Michael Bay movie.,t,t,,,,,,,,,,,,,,,,,,,,,,,
The Pope.,t,t,t,t,t,t,t,t,t,t,t,t,t,t,t,t,t,t,t,t,t,t,t,t,t
The profoundly handicapped.,t,t,t,t,t,t,t,t,t,t,t,t,t,t,t,t,t,,,,,,,,
The prunes I've been saving for you in my armpits.,,,,,,,,,,,,,,,,,,,,,,t,,,
The Rapture.,,,t,t,t,t,t,,t,,t,,t,t,,,t,t,t,,,,t,,t
The Red Hot Chili Peppers.,,,,,,,,,,,,,,,,,,t,,,,,t,,
The Red Menace.,t,t,,,,,,,,,,,,,,,,,,,,,,,
"The Rev. Dr. Martin Luther King, Jr.",,,t,t,t,t,t,t,t,t,t,,t,t,t,,t,,,,,,,,
The rhythms of Africa.,,,,,,,,,t,t,t,t,t,t,t,t,t,t,t,t,t,,t,t,t
The Royal Canadian Mounted Police.,,,,,,,,,,,t,,,t,,,t,,t,,,,,,
The Russians.,,,,,,,,,,,,,,,,,,t,t,t,t,t,t,t,t
The Scouts.,,,,,,,,t,,t,,,,,t,,,,,t,,,,t,
The screams...the terrible screams.,,,,,,,,,,,,,t,t,t,t,t,t,t,t,t,t,t,t,t
The Smell of a Primark.,,,,,,,,,,,,,,,,,,,,,,,,t,
The Smell of Primark.,,,,,,,,,,,,,,,,,,,,t,,,,,
The South.,t,t,t,t,t,t,t,,t,,t,,t,t,,,t,t,t,,,,t,,t
The Stig.,,,,,,,,t,,t,,,,,t,,,,,,,,,,
The Strictly Come Dancing final.,,,,,,,,,,,,,,,,,,,,,,,,t,
The Strictly Come Dancing season finale.,,,,,,,,,,,,,,,,,,,,t,,,,,
The sudden appearance of the Go Compare man.,,,,,,,,t,,t,,,,,t,,,,,t,,,,,
The Superdome.,t,t,t,,,,,,,,,,,,,,,,,,,,,,
The taint; the grundle; the fleshy fun-bridge.,t,t,t,t,t,t,t,,,,,,,,,,,,,,,,,,
The Tempur-Pedic® Swedish Sleep System™.,t,t,t,t,t,t,t,,t,,t,,,,,,,,,,,,,,
The terrorists.,,,t,t,t,t,t,t,t,t,t,t,t,t,t,t,t,,,,,,,,
The Thong Song.,t,t,t,,,,,,,,,,,,,,,,,,,,,,
The Three-Fifths compromise.,,t,t,t,t,t,t,,t,,,,t,,,,,t,,,,,t,,t
The Three-Fifths Compromise.,t,,,,,,,,,,,,,,,,,,,,,,,,
The token minority.,t,t,t,t,t,t,t,t,t,t,t,t,,,,,,,,,,,,,
The total collapse of the global financial system.,,,,,,,,,,,,,,,,,,,,,,t,,,
The Trail of Tears.,t,t,t,t,t,t,t,,t,,,,t,,,,,t,,,,,t,,
The true meaning of Christmas.,,,t,t,t,t,t,t,t,t,t,t,t,t,t,t,t,t,t,t,t,t,t,t,t
The Übermensch.,t,t,t,t,t,t,,,,,,,,,,,,,,,,,,,
The Underground Railroad.,t,t,t,t,t,t,t,,t,,t,,t,t,,,t,t,t,,,,t,,t
The unstoppable tide of Islam.,,,,,,,t,t,t,t,t,,t,t,t,,t,t,t,t,,,,t,
The violation of our most basic human rights.,t,t,t,t,t,t,t,t,t,t,t,t,t,t,t,t,t,t,t,t,t,t,t,t,t
The Virginia Tech Massacre.,t,t,t,t,t,t,t,,,,,,,,,,,,,,,,,,
The way James Bond treats women.,,,,,,,,t,,t,,,,,t,,,,,t,,,,t,
The Welsh.,,,,,,,,,,,,,,,,,,,,,,,,t,
The White Australia Policy.,,,,,,,,,,,,t,,,,t,,,,,t,,,,
The wifi password.,,,,,,,,,,,,,,,,,,t,t,t,t,t,t,t,t
The wonders of the Orient.,,,,,,,,,t,,t,t,t,t,,t,t,t,t,,t,,t,,
The World of Warcraft.,t,t,t,t,t,t,t,t,t,t,t,t,t,t,t,t,t,,,,,t,,,
The wrath of Vladimir Putin.,,,,,,,,,t,t,t,t,t,t,t,t,t,,,,,,,,
Therapy.,,,,,,,,,,,,,,,,,,,,,,,t,t,t
Theresa May.,,,,,,,,,,,,,,,,,,,,t,,,,,
These hoes.,,,,,,,,,,,,,,,,,,t,t,,,,t,,t
Third base.,t,t,t,t,t,t,t,,t,,t,t,t,t,,t,t,,,,,,,,
This answer is postmodern.,t,t,t,,,,,,,,,,,,,,,,,,,,,,
This month's mass shooting.,,,,,,,,,,,,,,,,,,t,t,,t,,t,,t
This year's mass shooting.,,,,,,,,,t,,,,t,,,,,,,,,,,,
Those times when you get sand in your vagina.,t,t,t,,,,,,,,,,,,,,,,,,,,,,
Three dicks at the same time.,,,,,,,,,t,t,t,t,t,t,t,t,t,t,t,t,t,t,t,t,t
Throwing a virgin into a volcano.,,,,,t,t,t,t,t,t,t,t,t,t,t,t,t,t,t,t,t,t,t,t,t
Throwing grapes at a man until he loses touch with reality.,,,,,,,,,,,,,,,,,,t,t,t,t,t,t,t,t
Tickle Me Elmo.,,t,t,,,,,,,,,,,,,,,,,,,,,,
Tickle Me Elmo™.,t,,,,,,,,,,,,,,,,,,,,,,,,
"Tickling Sean Hannity, even after he tells you to stop.",,,,,,t,t,,,,,,,,,,,,,,,,,,
Tiger Woods.,t,t,t,,,,,,,,,,,,,,,,,,,,,,
Tiny nipples.,,,,,,,,,,,,,,,,,,,,,,t,,,
Tom Cruise.,t,t,t,t,t,t,t,t,t,t,t,t,t,t,t,t,t,,,,,t,,,
Tongue.,,,,,,,,,,,,,,,,,,,,,,t,,,
Toni Morrison's vagina.,t,t,t,t,t,t,t,,t,,t,,t,t,,,t,,,,,,,,
Tony Abbott in budgie smugglers.,,,,,,,,,,,,t,,,,t,,,,,t,,,,
Too much hair gel.,t,t,t,t,,,,,,,,,,,,,,,,,,,,,
Tories.,,,,,,,,t,,t,,,,,t,,,,,t,,,,t,
Total control of the media.,,,,,,,,,,,,t,,,,t,,,,,t,,,,
Touching a pug right on his penis.,,,,,,,,,,,,,t,t,t,t,t,t,t,t,t,t,t,t,t
Trench foot.,,,,,,,,t,,t,,,,,t,,,,,t,t,,,t,
Tripping balls.,,,,,,,,,,,,,,,,,,,,,,t,,,
Tweeting.,,t,t,t,,,,,,,,,,,,,,,,,,,,,
Twenty tonnes of bat shit.,,,,,,,,,,,,t,,,,,,,,,,,,,
Twinkies®.,t,t,t,,,,,,,,,,,,,,,,,,,,,,
Two midgets shitting into a bucket.,t,t,t,t,t,t,t,t,t,t,t,t,t,t,t,t,t,,,,,,,,
Unfathomable stupidity.,,,t,t,t,t,t,t,t,t,t,t,t,t,t,t,t,t,t,t,t,t,t,t,t
Uppercuts.,t,t,t,t,,,,,,,,,,,,,,,,,,,,,
Used knickers.,,,,,,,,t,,t,,,,,t,,,,,t,,,,t,
Used panties.,,,,,t,t,t,,t,,t,,t,t,,,t,t,t,,,t,t,,t
Vegemite™.,,,,,,,,,,,,t,,,,t,,,,,t,,,,
Vehicular homicide.,t,t,,,,,,,,,,,,,,,,,,,,,,,
Vehicular manslaughter.,,,t,t,t,t,t,,t,,t,t,t,t,,t,t,t,t,,,,t,,t
Viagra®.,t,t,t,t,t,t,t,t,t,t,t,t,t,t,t,t,t,t,t,t,t,t,t,t,t
Vigilante justice.,,,t,t,t,t,t,t,t,t,t,t,,,,,,,,,,,,,
Vigorous jazz hands.,t,t,t,t,t,t,t,t,t,t,t,t,t,t,t,t,t,t,t,t,t,,t,t,t
Vikings.,t,t,t,t,t,t,t,t,t,t,t,t,t,t,t,t,t,,,,,,,,
Vladimir Putin.,,,,,,,,,,,,,,,,,,t,t,t,t,t,t,t,t
Vomiting into a kangaroo's pouch.,,,,,,,,,,,,t,,,,t,,,,,,,,,
Vomiting mid-blowjob.,,,,,,,,,,,,,,,,,,,,,,t,,,
Vomiting seafood and bleeding anally.,,,,,,,,,,,,,,,,,,t,t,t,t,t,t,t,t
Waiting 'til marriage.,t,t,t,t,t,t,t,t,t,t,t,t,,,,,,,,,,,,,
Waiting till marriage.,,,,,,,,,,,,,t,t,t,t,t,t,t,t,t,t,t,t,t
Waking up half-naked in a Denny's parking lot.,t,t,t,t,t,t,t,,t,,t,,t,t,,,t,t,t,,,,t,,t
Waking up half-naked in a Little Chef car park.,,,,,,,,t,,t,,,,,t,,,,,t,,,,,
Waking up half-naked in a Macca's car park.,,,,,,,,,,,,t,,,,t,,,,,t,,,,
Waking up half-naked in a Wetherspoons car park.,,,,,,,,,,,,,,,,,,,,,,,,t,
Waking up in Idris Elba's arms.,,,,,,,,,,,,,,,,,,,,t,,,,t,
Walking in on Dad peeing into Mom's mouth.,,,,,,,,,,,,,,,,,,,,,,t,,,
Wanking into a pool of children's tears.,,,,,,,,t,,t,,t,,,t,t,,,,t,t,,,t,
Waterboarding.,t,t,t,t,,,,,,,,,,,,,,,,,,,,,
Weapons-grade plutonium.,,,,,,,,,,,,,,,,,,,,,,t,,,
Wearing an octopus for a hat.,,,,,,,,,,,,,,,,,,,,,,t,,,
Wearing underwear inside out to avoid doing laundry.,t,,,,,,,,,,,,,,,,,,,,,,,,
Wearing underwear inside-out to avoid doing laundry.,,t,t,t,t,t,t,t,,,,,,,,,,,,,,,,,
Wet dreams.,,,,,t,t,t,t,t,t,t,t,t,t,t,t,t,t,t,t,t,t,t,t,t
What that mouth do.,,,,,,,,,,,,,,,,,,,,,,,t,t,t
What's left of the Great Barrier Reef.,,,,,,,,,,,,,,,,,,,,,t,,,,
When you fart and a little bit comes out.,t,t,t,t,t,t,t,t,t,t,t,t,,,,,,,,,,,,,
Whining like a little bitch.,,,,,,,,,,,,,,,,,,,,,,t,,,
Whipping it out.,,,t,t,t,t,t,t,t,t,t,t,t,t,t,t,t,t,t,t,t,,t,t,
Whiskas® Catmilk.,,,,,,,,,,,,t,,,,t,,,,,t,,,,
White people.,t,t,t,t,t,t,t,t,t,t,t,t,t,t,t,t,t,t,t,t,t,t,t,t,t
White power.,,,,,,,,,,,,,,,,,,,,,,t,,,
White privilege.,,,t,t,t,t,t,t,t,t,t,t,t,t,t,t,t,t,t,t,t,,t,t,t
White-man scalps.,,,,,,,,,t,,t,,t,t,,,t,,,,,,,,
Whoever the Prime Minister is these days.,,,,,,,,,,,,,,,,,,,,,t,,,,
Wifely duties.,,,t,t,t,t,t,t,t,t,t,t,t,t,t,t,t,,,,,,,,
Will Smith.,t,t,t,,,,,,,,,,,,,,,,,,,,,,
William Shatner.,t,t,t,t,t,t,t,t,t,t,t,t,t,t,t,t,t,t,t,t,t,,t,t,
Winking at old people.,t,t,t,t,t,t,t,t,t,t,t,t,t,t,t,t,t,,,,t,t,,,
Wiping her bum.,,,,,,,,t,,t,,t,,,t,t,,,,,,,,,
Wiping her butt.,t,t,t,t,t,t,t,,t,,t,,t,t,,,t,,,,,t,,,
Wizard music.,,,,,,,,,,,,,,,,,,t,t,t,t,,t,t,t
Women in yoghurt adverts.,,,,,,,,t,,t,,,,,t,,,,,,,,,,
Women in yoghurt commercials.,,,,,,,,,,,,t,,,,t,,,,t,t,,,t,
Women in yogurt commercials.,t,t,t,t,t,t,t,,t,,t,,t,t,,,t,t,t,,,t,t,,t
Women of color.,,,,,,,,,,,,,,,,,,t,,,,,t,,t
Women of colour.,,,,,,,,,,,,,,,,,,,t,,,,,,
Women voting.,,,,,,,,,,,,,,,,,,,,,,t,,,
Women's suffrage.,t,t,t,t,t,t,t,t,t,t,t,t,t,t,t,t,t,t,t,t,t,,t,t,t
Women's undies.,,,,,,,,,,,,t,,,,t,,,,,t,,,,
Wondering if it's possible to get some of that salsa to go.,,,,,,,,,,,,,,,,,,t,,,,,t,,t
Words.,,,,,,,,,,,,,,,,,,,,,,t,,,
World peace.,t,t,t,t,t,t,t,t,t,t,t,t,t,t,t,t,t,t,t,t,t,t,t,t,t
Worshipping that pussy.,,,,,,,,,,,,,,,,,,t,t,t,t,,t,t,t
Xenophobia.,,,,,,,,,,,,t,,,,t,,,,,t,,,,
Yeast.,t,t,t,t,t,t,t,t,t,t,t,t,t,t,t,t,t,t,t,t,t,,t,t,t
YOU MUST CONSTRUCT ADDITIONAL PYLONS.,t,t,t,t,t,t,t,t,t,t,t,t,,,,,,,,,,,,,
Your mum.,,,,,,,,,,,,,,,,,,,,t,,,,t,
Your weird brother.,,,,,,,,,t,t,t,t,t,t,t,t,t,t,t,t,t,t,t,t,t
A narc.,,,,,,,,,,,,,,,,,,,,,,,,,t
A sorry excuse for a father.,,,,,,,,,,,,,,,,,,,,,,,,,t
A supportive touch on the lower back.,,,,,,,,,,,,,,,,,,,,,,,,,t
Backing over a kid with the Buick.,,,,,,,,,,,,,,,,,,,,,,,,,t
Black Jesus.,,,,,,,,,,,,,,,,,,,,,,,,,t
Burgers and pussy.,,,,,,,,,,,,,,,,,,,,,,,,,t
Climbing a telephone pole and becoming one with the T-Mobile network.,,,,,,,,,,,,,,,,,,,,,,,,,t
COVID-19.,,,,,,,,,,,,,,,,,,,,,,,,,t
Crab.,,,,,,,,,,,,,,,,,,,,,,,,,t
Explaining the difference between sex and gender.,,,,,,,,,,,,,,,,,,,,,,,,,t
Grabbing my man by his love handles and fucking his big ass.,,,,,,,,,,,,,,,,,,,,,,,,,t
Having a stroke.,,,,,,,,,,,,,,,,,,,,,,,,,t
Kayaking with my sluts.,,,,,,,,,,,,,,,,,,,,,,,,,t
My Black ass.,,,,,,,,,,,,,,,,,,,,,,,,,t
My boss.,,,,,,,,,,,,,,,,,,,,,,,,,t
Our dildo.,,,,,,,,,,,,,,,,,,,,,,,,,t
Pissing in my thirsty mouth.,,,,,,,,,,,,,,,,,,,,,,,,,t
The prostate.,,,,,,,,,,,,,,,,,,,,,,,,,t
Your mom.,,,,,,,,,,,,,,,,,,,,,,,,,t